Product_Name,Price,Item_Sold,Store_Name
"CHUWI MiniBook X Laptop Tablet 2 In 1 Intel N150 CPU 10.51"" FHD IPS Screen 12GB LPDDR5 512G SSD Windows 11 Notebook 1200*1920 ",474.69,900+,CHUWI Choice Store
"CHUWI MiniBook X Laptop Tablet 2 In 1 Intel N150 CPU 10.51"" FHD IPS Screen 12GB LPDDR5 512G SSD Windows 11 Notebook 1200*1920 ",474.69,"1,000+",Stone's Store
FIREBAT A14 Laptop Intel N5095 14.1 Inch 16GB LPDDR4 RAM 512GB 1TB SSD Lightweight Business Computer Notebook FHD Fingerprint ,333.76,307,Big Save Store
FIREBAT A14 Laptop Intel N5095 14.1 Inch 16GB LPDDR4 RAM 512GB 1TB SSD Lightweight Business Computer Notebook FHD Fingerprint ,333.76,307,Stone's Store
Firebat A16 Laptop 16 Inch CPU Intel N5095 16GB RAM SSD 512GB 1TB BT4.2 WiFi5 LPDDR4 Lightweight Business Computer Notebook ,350.55,184,Firebat Choice Store
11.6 inch Portable monitor 1366X768 lcd display TFT gaming monitor for pc Raspberry Pi Laptop PS4 Xbox360 switch HDMI-Compatible ,57.59,"5,000+",Shop1102854679 Store
BYONE 11.6 Inch Mini Laptop Intel Celeron N4000 8GB RAM 128GB 256GB SSD Wifi Office Study Pink Portable Ultraslim Pocket Laptops ,196.52,129,BYONE Official Store
Woman Laptop Windows 10 Office Education Gaming Notebook Pink 15.6“10th Gen Intel Celeron J4125 12G RAM 1T Dual WiFi Narrow Side ,292.38,10,Professional Laptop Tablet Store
Gaming laptops  Intel Core i7-6500U 32GB Ram 2TB SSD Windows 11 Notebooks Backlit Wifi Computer PC Gaming Laptop Computer ,504.38,4,Yepo Computer Official Store
ZSUS 2160*1440  14-inch 2K Portable Monitor 60HZ For Laptop XBox PS4 / 5 Switch TV Box Cell Phone PC Extension  Mobile ,97.94,"5,000+",ZSUS Store
BYONE 14.1 Inch Laptop Intel N4000 8GB RAM 256GB 512GB SSD Windows 11 Notebook 1366*768 HD LCD Wifi HDMI USB laptop PC ,225.46,32,BYONE Global Store
BYONE 11.6 Inch Mini Laptop Intel N4000 Cheap laptop 8GB RAM 256GB SSD Student Office Small Portable Netbook With WIFI Bluetooth ,204.73,42,BYONE Global Store
YEPO Gaming laptops  Intel Core i7-6500U 32GB Ram 2TB SSD Windows 11 Notebooks Backlit Wifi Computer PC Gaming Laptop Computer ,384.38,1,Yepo Computer Official Store
New Case For ASUS ZenBook 14 UX425 UM425 UX425J UX425JA U4700J Laptop LCD Back Cover Top Rear Lid Front Bezel Palmrest Hinges ,24.04,16,Shop1104400289 Store
"CHUWI MiniBook X Laptop Tablet 2 In 1 Intel N150 CPU 10.51"" FHD IPS Screen 12GB LPDDR5 512G SSD Windows 11 Notebook 1200*1920 ",455.99,900+,CHUWI Choice Store
"CHUWI MiniBook X Laptop Tablet 2 In 1 Intel N150 CPU 10.51"" FHD IPS Screen 12GB LPDDR5 512G SSD Windows 11 Notebook 1200*1920 ",455.99,"1,000+",Stone's Store
FIREBAT A14 Laptop Intel N5095 14.1 Inch 16GB LPDDR4 RAM 512GB 1TB SSD Lightweight Business Computer Notebook FHD Fingerprint ,392.38,307,Big Save Store
FIREBAT A14 Laptop Intel N5095 14.1 Inch 16GB LPDDR4 RAM 512GB 1TB SSD Lightweight Business Computer Notebook FHD Fingerprint ,392.38,307,Stone's Store
GPD 2025 WIN 4 32GB Memory RAM 1TB 2TB Hard Disk AMD 8840U HX370 Processor Handheld Gaming Portable Laptop Mini PC Touch Screen ,1308.68,,GPD Game Pad Digital Brand Store
GPD 2025 WIN 4 32GB Memory RAM 1TB 2TB Hard Disk AMD 8840U HX370 Processor Handheld Gaming Portable Laptop Mini PC Touch Screen ,1308.68,128,Shop1103572318 Store
High Speed Flash Card 1TB Original Storage Card 128GB 256GB Micro TF/SD 512GB Large Capacity Memory Card for Laptops/PC/MAC ,1.87,"2,000+",Shop1104206244 Store
High-end Lenovo Laptop ThinkPad P15v Gen 3 2022 15.6 Inch FHD i7-12700H i7-11800H 10750H 64GB Ram 4TB SSD Nvidia Pro Graphics ,5704.38,78,HUWEI Factory Store
"14"" Business Laptop Intel N3700 16GB RAM384GB Storage Ultra thin body Gaming laptops Windows 11 pc gaming  256GB/512GB/1TBsilver ",367.68,,Yepo Computer Official Store
Lenovo Fashion Business ThinkBook Plus Laptop With i7-1160G7 8GB 512GB SSD Dual 13.3 Inch Led Backlight +10.8 Inch E-ink Screen ,5133.06,25,HUWEI Factory Store
New Laptop Screen for Macbook A1706 A1708 A1989 A2159 A2289 A2251 A1932 A2179 A1502 A1466 A2337 A2338 A1466 LCD Display Assembly ,204.21,111,Mac AllParts Store
180°Rotating 16.0'' IPS Screen 32G 128G-2TB Laptop N95 Windows 11 Notebook  Business Office Slim Touch ID RGB 3480*2160 4Kscreen ,380.99,,Yepo Computer Official Store
Adreamer Laptop 13.3 Inch Portable Laptops Low Price With Intel CPU 2.5K FHD IPS 8GB 1T SSD  2.5K FHD Display Notebook ,273.47,394,ADREAMER Global Store
Genmachine Laptop AMD Ryzen™ 5 4600H 15.6 Inch LPDDR4 RAM M.2 NVME SSD Business Gaming Laptops Computer Notebook Radeon Graphics ,670.38,,GenMachine Official Store
Portable SSD 1TB High-speed Mobile Solid State Drive 500GB External Storage Decives Type-C USB 3.1 Interface for Laptop/PC/ Mac ,12.58,"1,000+",Higher Drone Online Store
GPD DUO 13 Inch Dual Touch Screen 32GB 64GB RAM Memory 1TB 2TB Hard Disk SSD CPU AMD HX 370 Processor Portable Business Laptop ,2910.99,,YSJMNPC Official Store
Adreamer LeoBook 13 Laptop 13.3-inch Intel Celeron N4020 8GB RAM 1T SSD Windows 10 Computer Office School Notebook PC ,291.81,65,ADREAMER Global Store
New External Hard Drive 1TB Portable SSD HARD DISK 2TB High-speed External Solid State Drive Mobile Hard Drive for Laptop Mac PC ,12.58,3000+,3C Hard Drive Store
YSJMNPC New AMD Ryzen™ 3 3250U Laptop 16 Inch IPS Screen Gaming Laptop 2*DDR4 MAX 64GB 2*SSD Windows11 Fingerprint Notebook WIFI ,407.61,4,YSJMNPC Official Store
DDR4 32GB M.2 SSD 512GB 1TB Ultrabook Metal Computer with 2.4G/5.0G Bluetooth Ryzen R7 4700U windows 10 Pro gaming laptop ,652.99,1,Professional Laptop Tablet Store
Best High-end HUAWEI Laptop PC MateBook X Pro 2021 New With 13.9 Inch 3000x2000 CNC Touch Screen i7-1165G7 Share Hidden Camera ,3471.82,3,HUWEI Factory Store
2.5K OLED 10.5″ Portable Monitor Touchscreen 2560x1600 High-end Portable Screen 100% DCI-P3 1MS for Laptop Phone PS4 Xbox Switch ,337.68,,Professional Expansion Monitor Store
World's First Foldable PC Lenovo ThinkPad X1 Fold Laptop+Tablet 13.3 Inch 2048x1536 OLED Touch i5-L16G7 Type-C WiFi 6 5G WiFi ,8615.75,41,HUWEI Factory Store
GPD WIN Max 2 2025 10.1 Inch AMD AI 9 HX 370/8840U Windows11 Gaming PC Laptop Notebook Portable Game Computer 64GB RAM 2TB Nvme ,2058.43,5,YSJMNPC Computer Store
SZYIYUN Mini Portable Laptop 10.1 inch Intel N4120 Quad Core 8GB RAM 1TB SSD 2.6GHz Netbook WIFI Windwos 10 11 Notebook Computer ,469.68,,SZYIYUN Official Store
Nuroum V11 High Quality 1080p 60fps Full Hd Plug And Play Computer Usb Web Camera Mini Webcam 2K For Pc Laptop With Microphone ,18.88,600+,Nuroum Digital Store
Xiaomi REDMI Book Pro 14 2025 Laptop Ultra 7 255H/Ultra 5 225H Intel Arc Graphics 32GB LPDDR5X 1T SSD 14-inch 120Hz 2.8K Screen ,1546.38,1,Redmi Selection Store
Xiaomi REDMI Book Pro 14 2025 Laptop Ultra 7 255H/Ultra 5 225H Intel Arc Graphics 32GB LPDDR5X 1T SSD 14-inch 120Hz 2.8K Screen ,1546.38,1,CN-AUCTION Store
15.6 Inch Laptop Intel Core i9-12900H/i9-10885H Windows 11 Por 2*DDR4 2*M.2 SSD Ultrabook Computer Fingerprint Unlock WIFI5 BT ,574.2,27,YSJMNPC Official Store
Latest High-end Lenovo Laptop ThinkPad neo 14 i7-12700H i5-12500H 16GB LPDDR5 RTX2050 4G IRIS Xe Graphics 14Inch 2.2K 16:10 FHD ,3599.5,22,HUWEI Factory Store
M.2 990 pro 4TB 2TB 1TB 2280  Hard drive disk NVME 2.5 inch ssd TLC 5600MB/s internal Solid State Drives for laptop and desktop ,18.38,600+,18liu Store
M.2 990 pro 4TB 2TB 1TB 2280  Hard drive disk NVME 2.5 inch ssd TLC 5600MB/s internal Solid State Drives for laptop and desktop ,18.38,600+,Shop1104134244 Store
"Intel® Processor N95 PC+PAD 14"" IPS Touch Scree Windows 11 Ram 16GB Rom 128G-2TB SSD Computer Wifi BT Gaming Laptop ",486.46,3,NWNLAP Store
Lenovo Laptop YOGA Pro14s 14.5-Inch 3K 120Hz Touch Screen Intel I5-13500H/I9-13900H16G LPDDR5 512G/1TB SSD RTX4060 Notebook PC ,1504.68,1,Xiaomi And Lenovo Tablets Laptops Store
Win11 N95 Laptop brand new 10.5inch touchscreen RAM 16GB 32GB SSD 1TB 2TB handheld game console personal home laptops ,503.89,2,NWNLAP Store
M.2 990 pro 4TB 2TB 1TB 2280  Hard drive disk NVME 2.5 inch ssd TLC 5600MB/s internal Solid State Drives for laptop and desktop ,24.99,600+,18liu Store
M.2 990 pro 4TB 2TB 1TB 2280  Hard drive disk NVME 2.5 inch ssd TLC 5600MB/s internal Solid State Drives for laptop and desktop ,24.99,600+,Shop1104134244 Store
Xiaomi Book Pro 16 Touchscreen Laptop 16 Inch 4K OLED Screen Notebook i5-1240P/ i7-1260P 16GB 512GB NVIDIA RTX 2050 Notebook PC ,1549.99,,Worldfone 3c Store
GPD WIN Mini AMD 7840U 16GB 32GB 64GB RAM 512GB 1TB 2TB SSD 7-inch WIN11 System Pocket Mini PC Laptop Game Player Console ,1828.99,7,Original Laptop Global Store
CRELANDER X16 Double Screen Laptops 16 Inch + 14 Inch Touch Screen Intel 10th Windows 11 Portable PC Notebook Computer ,1203.43,8,Crelander Store
M.2 990 pro 4TB 2TB 1TB  Hard drive disk NVME 2.5 inch ssd TLC 5600MB/s internal Solid State Drives for laptop and desktop ,22.38,28,Shop Good Store
Laptop 16 Inch Intel Core I9-11900H 32 GB DDR4 2TB SSD Fingerprint Unlock 8 Cores 16 Threads 4.9 GHz Wifi6 HD Camera Computer ,804.71,7,BSLAY Official Store
New 2025 Versio GPD WIN Mini  AI 9 HX 370 7 Inch Handheld GamePad Tablet 64GB RAM 2TB SSD Pocket Mini Laptop Game Player Console ,1236.38,22,YSJMNPC Official Store
Laptop 13.3 Inch Intel Celeron N4000 360° flips HD Camera Touchscreens 6GB RAM 2TB SSD 4000 mAH 2.6 GHz Lightweight DDR4 Tablet ,353.56,3,BSLAY Official Store
Lenovo Hard Disk Mobile SSD E60 2TB 6TB 8TB 256TB USB 3.1 HD External Hard for Laptop PS5 Mobile Hard Disk HDD Storage Devices ,20.79,"1,000+",Lenovo Technology 3C Intelligence Store
Laptop Intel N5095 15.6 Inch 32GB RAM 2TB SSD DDR4 Windows 11 Fingerprint Unlock Backlit Keypad HD Camera BT4.2 Computer PC ,355.78,2,BSLAY Official Store
NVIDIA MX450 i7 1195g7 DDr4 32G RAM 2TB SSD Laptop 15.6 Inch Laptop Core Window11 Pro 1920*1080 Screen Portable Gaming Notebook ,678.18,24,BSLAY Official Store
SSD 4TB 120GB 240GB 480GB 960GB Internal Sata3 Solid State Drive 2.5 128GB 256GB 500GB 1TB 2TB SSD for PC Laptop ,1.46,52,Shop1104210239 Store
New 13th Gen Gaming Laptop Intel Core i7 13620H 16 Inch IPS Screen 2*DDR4 MAX 64GB 2*SSD Windows11 Fingerprint Notebook WIFI BT ,740.38,7,YSJMNPC Computer Store
Lenovo Legion Y9000P 2024 E-sports Gaming Laptop Intel Core i9-14900HX RTX 4060/RTX 4090 16 inch 2.5K 240Hz Game Notebook PC ,2922.1,3,Redmi Selection Store
32G RAM 128G-2TB SSD N95 Handhald video Game Console 10.5 inch mini laptop Game Player wifi Detachable Gamepad touch screen PC ,454.25,1,NWNLAP Store
256TB High Speed Hard Disk External Hard Drive Portable SSD 128TB Solid State USB 3.1 Type-C Interface Storage Device for Laptop ,73.68,155,Shop1104493842 Store
15.6inch Gaming Laptop Intel Core I7-9750H 64GB RAM 2TB SSD DDR4 Win 11 5000mAH Camera Fingerprint Unlocking Portable Computer ,627.82,7,BSLAY Official Store
Mini Pocket Gaming Tablets10.5inch N95 Magnetic Grip 32GB RAM 2TB SSD DDR4 Window11 100% sRGB Color Gamut Touchscreen laptop ,745.68,,BSLAY Official Store
Laptop 14 Inch Intel Celeron N4000 6GB RAM 2TB SSD DDR4 Win 180° Fold Wifi6 3850 mAH PC 1366*768 Screen HDMI Slim Computer PC ,319.59,4,BSLAY Official Store
"MeLE Fanless Mini PC N100 Micro Desktop Computer LPDDR4X 16GB 512GB 2.4/5G WiFi,Dual HDMI,4K,USB-C,IoT,Quieter4C ",308.71,212,Mele Official Store
Mini Laptop 7inch Intel Celeron N4000 12GB RAM 2TB SSD HD Camera Trouchscreen HDMI DDR4 Window11 Portable Metal Notebook PC ,358.0,3,BSLAY Official Store
"XIAOMI Laptop Redmi Book 16 2024 Refresh RAM 16GB SSD 512GB Intel i5 12450H 13420H 16"" Inch FHD Notebook Ultrabook Computer PC ",912.65,17,TookFun PC Store
GPD 2025 WIN 4 32GB Memory RAM 1TB 2TB Hard Disk AMD 8840U HX370 Processor Handheld Gaming Portable Laptop Mini PC Touch Screen ,1298.94,,GPD Game Pad Digital Brand Store
GPD 2025 WIN 4 32GB Memory RAM 1TB 2TB Hard Disk AMD 8840U HX370 Processor Handheld Gaming Portable Laptop Mini PC Touch Screen ,1298.94,128,Shop1103572318 Store
Factory Direct Sale WDX0R 42WH 11.4V 3684Mah WDXOR Laptop Battery for DELL 15-5565 5567 7460 7560 Batteries ,20.18,,Shop1104554669 Store
"XIAOMI Redmi Book Pro 16 2024 Laptop Intel Ultra5 125H 7 155H RAM 32GB SSD 1TB 16""Inch 3.1K 165Hz Notebook Ultrabook Computer PC ",1378.37,3,Worldfone 3c Store
2023 HUAWEI MateBook 14s Laptop i5-13500H/i7-13700H/i7-13900H 16GB/32GB 512GB Netbook 14.2-inch 2.5K 120Hz TouchScreen SSD WiFi6 ,1598.28,3,HUAWEI HONOR Original Store
Xiaomi Laptop REDMI Book 16 2025 Intel C5-210H 16GB 512GB 16inch 60Hz Screen Slim Office Notebook ,1329.38,,Mi-Mijia Outlets Store
19V 2.37A 45W 4.0*1.35MM Laptop AC Adapter Charger For Asus Zenbook UX305 UX21A UX32A Series Taichi 21 31 T300LA Cargado Power ,4.3,89,Smma Store
Tablet Double-Screen Intel N100 13.5+13.5 inch Laptop 16GB DDR5 2TB SSD HD Camera 9000 mAH 1920*1280 Screen Windows 11 Computer ,635.99,11,BSLAY Official Store
Laptop Dual Screen Intel Celeron N100 15.6''+7'' 32GB DDR4 2TB SSD Fingerprint Unlock HD Camera Backlit Keypad 3.4 GHz Notebook ,517.57,2,BSLAY Official Store
PC 16 inch Intel Core i9-12900H NVIDIA RTX 3060 6G Computer 64GB DDR4 4TB SSD HD Camera WiFi5 BT5.2 Portable Gaming Laptop ,1474.38,2,BSLAY Official Store
5 in 1 Computer Cleaner Kit Camera Phone Tablet Laptop Screen Cleaning Tools Earphone Cleaning Brush Pen For Airpod Pro 3 2 1 ,1.46,100,Shop910743113 Store
Intel Processor N100 14 inch 32 GB DDR4 2TB SSD Slim Laptop YOGA 6000 mAh Tablet 2-in-1 1920*1080 Screen Touch 360° Flip Office ,475.86,16,BSLAY Official Store
FIREBAT A16 16 Inch 100%sRGB Ultra Slim DDR4 16G RAM 1TB 1920*1200 Fingerprint Portable Intel N100 N5095 Notebook Laptop ,452.66,24,Firebat Official Store
"Xiaomi Laptop Redmi G Pro 2024 16"" 2.5K 240Hz 14th Gen Intel Core I9-14900HX 1TB PCIe 4.0 SSD GeForce RTX4060 Gaming Notebook PC ",2064.8,7,Xiaomi And Lenovo Tablets Laptops Store
"Original Laptop A1708 Motherboard For Macbook Pro 13"" Retina A1708 Logic Board i5 i7 8GB 16GB 2016 2017 ",150.68,83,Gemstone Store
New Arrival Elitebook 640G10 Business Office Laptop 14 Inch Hot Sale/Office Laptop ,769.23,,Shop1104335771 Store
"For The Sales OfAcer 18"" Predator Helios Neo 18 Gaming Laptop (Black) ",659.34,,Shop1104335771 Store
"Lenovo YOGA Air 15 Aura AI 15.3"" 2.8K 120Hz Touch Slim Laptop Intel Core Ultra7 258V 32G LPDDR5 8533MHz RAM 1TB NVME PCIE4.0 SSD ",2248.32,1,Xiaomi And Lenovo Tablets Laptops Store
M.2 4TB 2TB 1TB 500GB 256GB Hard drive disk sata3 2.5 inch ssd TLC 500MB/s internal Solid State Drives for laptop and desktop ,18.18,328,A77 Store
Gaming Laptop 16 inch Intel Core i9-12900H NVIDIA RTX 3060 6G Windows 11 64GB DDR4 4TB SSD WiFi5 BT5.2 Portable HD Camera Laptop ,1360.79,11,BSLAY Official Store
17.3 inch Intel N5095/N95 Office Laptop 32GB RAM 2TB SSD  Fingerprint Print DDR4 Window11 Backlit Keypad Portable Notebook PC ,484.15,21,BSLAY Official Store
Gaming Laptop 16inch Intel Core I9-11900H/5805 32 RAM 2TB SSD DDR4 Window11 HD Camera 8 Cores 16 Threads Portable Computer PC ,436.61,23,BSLAY Official Store
Original Portable SSD 256TB External Hard Drive 1TB External Hard Disk 2TB USB3.1 High Speed Solid State For Laptop/Mac/Phone ,18.89,79,Shop1104493842 Store
Hot For Sale Newly Arrived Strix SCAR G18 i9-13980HX RTX4060 2.5K 240Hz 18inch R .O .G High refresh rate Gaming laptop ,791.21,,Shop1104335771 Store
Xiaomi Laptop 2024 RedmiBook Pro 14 Core Ultra 5-125H/Ultra 7-155H ARC Graphics 32GB DDR5 1T SSD 14-inch 2.8K 120hz Screen Pc ,1542.08,3,Redmi Selection Store
"Available for sale 256GB +1TB storage D-ell Latitude 7390 series laptop computer Lat7390 13.3"" inch notebook ",505.49,,Shop1104335771 Store
Laptop Lcd Back Cover For Acer Aspire 3 A315-42 A315-42G A315-54 A315-54K A315-56-594W N19C1 LCD Back Cover Front Bezel Hinges ,24.53,6,Shop1104400289 Store
"Lenovo Gaming Laptop LEGION Y7000P (5i Gen 9) 2024 Intel i7 14650HX NVIDIA RTX 4050 4060 4070 16""Inch 2.5K Computer PC Notebook ",1839.35,6,TookFun PC Store
15.6 Inch Notebook Intel Core i9 10880H i7 1165G7 Ultrabook Max 32GB RAM 2TB SSD Gaming Laptops With Backlit Keyboard IPS Screen ,624.18,9,Topton 3C Store
"New M15 R7 Gaming Laptop 15.6""QHD 240Hz, i7-12700H 1TB SSD 16GB RAM M14 M17 R7 Gaming PC ",488.4,,Shenzhen Topleo Technology Electronic Limited Store
Aluminum Alloy Laptop Stand Notebook Tablet Holder Rotatable Foldable Support for Macbook Ipad Pad ,67.99,3,Shibao Holders Store
Xiaomi REDMI Book 14 Laptop 2025 Core 5 Processor 220H Intel Graphics 16G/32G RAM 1TB SSD 14-inch 2.8K Screen Notebook Slim PC ,1203.42,3,Redmi Selection Store
Swift Order! Raze  Blade 18 (2023) Notebook I9-13950HX/16GB/1TB/18'' QHD/RTX4060 Gaming Laptop ,893.04,,Shop912726186 Store
"XIAOMI Redmi G Pro 2024 Gaming Laptop NVIDIA Geforce RTX 4060 Intel Core i9-14900HX 16""Inch RAM 16GB SSD 1TB 2.5K 240Hz Gamer PC ",2475.38,1,WORLDFONE Store
Original Hard Drive 128TB Portable SSD High Speed External Hard Drive 256TB USB3.1 Type-C Solid State Disk for Laptop/Phone/MAC ,18.38,5,Shop1104493765 Store
CRELANDER 14 Inch 2in1 Tablet Pc Touchscreen Notebook Intel N100 Mini PC Windows 11 Laptops Computer With RGB Magnetic keyboard ,673.49,22,Crelander Store
Mew Xiaomi Laptop Redmi Book Pro 16 Ultra 5/Ultra 7 32GB 1T SSD Intel ARC Graphic 3.1K 165Hz Screen 16-inch Mi Notebook ,1543.56,1,WORLDFONE Store
New Arrivals 12th Generation Intel N100 Dual Screen Laptop Gaming Laptop 15.6inch 2K LCD+7inch IPS Touch Screen PC Portable ,479.02,8,NWNLAP Store
1200Mbps 5Ghz 2.4Ghz USB 3.0 Wifi Adapter Dual Band MT7612U Wi Fi Antenna Dongle LAN Adaptador Windows /Linux Desktop/Laptop/PC ,13.09,231,comfast Official Store
"CHUWI 15.6"" GemiBook Plus Laptop Intel N100 Graphics for 12th Gen 16GB RAM 512GB SSD 1920*1080P With Cooling Fan Windows 11 ",386.9,50,CHUWI Global-Flagship Store
"OneXPlayer ONEXFLY AMD 8840U PC Handheld Game Laptop 120Hz IPS 1920*1080 Screen 7"" Mini Game Console 3 in 1 Computer Windows 11 ",1759.07,2,Jumper Laptop Store
"CHUWI FreeBook Laptop Tablet 2 in 1 Intel i3 1215U 12GB LPDDR5 512G SSD Windows 11 Laptop 13.5"" IPS FHD Display WIFI 6 2256*1504 ",514.23,54,CHUWI Global-Flagship Store
Magnetic Selfie Light for iPhone Rechargeable Phone Light Clip LED Video Light for Phone iPad Camera Laptop Vlog Tiktok Makeup ,20.72,3,Shop1103517611 Store
Xiaomi Redmi Book Pro 15 Laptop Ryzen R5-7640HS/R7-7840HS AMD 780M/760M 16G RAM 512G/1T 15.6Inch 3.2K 120Hz New Mi Notebook ,1212.68,3,WORLDFONE Store
Xiaomi Redmi Book 14 Laptop Intel i5-13420H 16G 512G/1T SSD 14Inch 2.2K 60Hz Screen 38W Mi Portable Office Notebook ,1156.38,1,WORLDFONE Store
Xiaomi Mi Laptop Redmi Book 14 Intel I5-12500H/i7-12700H 16G RAM 512G SSD 14Inch 2.8K 120Hz Screen Portable Office Notebook ,1237.38,,WORLDFONE Store
Brand New A2681 Display For Macbook Air Retina 13.6 Inch 2022 Year Laptop LCD Screen Glass Panel Assembly Replacement Parts ,199.38,96,Mac AllParts Store
Lenovo Xiaoxin Pro 14 laptop 2024 Ryzen 7 8845H /8745H RAM 24GB/32GB LPDDR5X 1T SSD 14-inch  120Hz Screen Notebook Ultrabook PC ,1656.23,1,Worldfone 3c Store
"NEW OLED Dual Screen Touch Laptop, Intel Core i7-1355U, 16GB Memory, 512GB SSD, Book 9i, 2-in-1, 13.3"", 2.8K ",610.5,,Shop1103688357 Store
Brand New Authentic Surfaces Pro 8 2 in 1 Laptop 3GHz 64gb 1TB Win11Home 13inch ,293.04,,Tyga Electronics Global Store
NEW For ThinkBook 14 G2 ARE ITL For ThinkBook 14 G3 ACL ITL 14 G4 IAP Top Cover/Bezel/Upper/Bottom LCD Hinges Parts Replace ,21.99,11,Giparts Store
Xiaomi Redmi Book14 Laptop Intel i5-12500H/i5-12450H/i7-12700H 16G RAM 512GB SSD 14 Inch 2.8K 120Hz Screen Notebook PC ,1054.38,,CN-AUCTION Store
"Gaming Laptop 9TH GEN Intel CORE I9-9900K GEFORCE RTX 2080 8GB GDDR6 17.3"" FHD ",805.86,,Harman Global Store
14 inch Touch Screen Laptop Intel N95 Processor Gaming Laptop DDR4 16GB 1TB SSD Notebook Computer ,497.7,3,NWNLAP Store
80W/120W 8 Ports Charger Digital Display Desktop USB Type C With Wirelss Charger PD QC3.0 Quick Charger For Laptop Tablet Phone ,64.38,4,Shop1104309906 Store
Laptop Honor X14 Plus 2024 R7-8845HS 16GB/32GB RAM 512G/1T SSD 512G 2.8K 120Hz Screen Notebook Win11 Pro ,1254.06,2,WORLDFONE Store
Lenovo Legion Y9000K 2023 Esports Laptop i9-13980HX 64G 2T RTX4090 3.2k Mini LED Screen 16-inch 165Hz Game Notebook ,8858.62,18,WORLDFONE Store
INSTANT DELIVERY A-ASUS ZenBook Pro Duo UX581 Laptop 15.6 4K UHD NanoEdge Touch Display Intel Core i9-10980HK 64GB RAM 1TB SSD ,1205.25,,Shop912584010 Store
VEVOR Pure Sine Wave Power Inverter 12V DC to 120V AC Aluminum Alloy LCD Screen & LED Indicators for Powering Laptop Fan Grinder ,238.89,26,VEVOR Machinery Store
NEW ARRIVAL Microsofts Surface Pro 8 2 in 1 Laptop 3GHz 64gb 1TB Win11 Home 13 inch Tablets ,976.8,,Shop912502373 Store
"Lenovo Legion R9000P E-sports Gaming Laptop 16"" Notebook  AMD R9 7945HX RTX4060 2.5K 240Hz 100% sRGB 500nits Game Notebook PC ",2621.21,1,WORLDFONE Store
"Authentic Alienwares Area 51m Laptop, 17.3 9th Gen Intel Core I9-9900K, 32GB RAM, 2 X 256GB SSD (R0) + 1tb Sshd ",683.76,,Electronic Trading International Ltd Store
"Authentic Alienwares Area 51m Laptop, 17.3 9th Gen Intel Core I9-9900K, 32GB RAM, 2 X 256GB SSD (R0) + 1tb Sshd ",683.76,,Shop912374113 Store
"Authentic Alienwares Area 51m Laptop, 17.3 9th Gen Intel Core I9-9900K, 32GB RAM, 2 X 256GB SSD (R0) + 1tb Sshd ",683.76,,Shop1103619037 Store
2024 Waterproof 17/20 Inch Laptop Backpack Men Airplane Travel Backpack Women Oxford Rucksack Male School Bag modern Mochila ,59.14,700+,SWISTSNGR Official Store
Honor MagicBook Art 14 Snapdragon Edition 1kg Ultra Thin Laptop X Elite 32G 1T 3.1K Eye Screen Notebook ,1947.9,23,WORLDFONE Store
BEST SALES ORIGINAL New Zenbook PRO DUO Dual screen i9-13900H RTX4050 2.8K 120Hz 18inch High refresh rate Gaming laptop ,564.44,,MEDIA MARKET LTD Store
Alienwares Area 51M Core i9-10900K 1TB HDD + 512GB SSD 17.3 Inch Gaming Laptop ,976.8,,Smartex Shopping Mart Company Store
19V 2.37A 45W 3.0*1.1MM Laptop Adapter Charger For Acer Aspire S7 391 V3-371 Switch12 PA-1450-26 A13-045N2A 547H Chromebook 11 ,7.9,69,Smma Store
Xiaomi Laptop Redmi Book Pro 15 Ryzen R7-7840HS/R7 6800H 16G RAM 512G/1T 15.6Inch 3.2K 120Hz New Mi Notebook ,1096.94,1,WORLDFONE Store
NEW AS US Zen-Book Pro Duo UX581 Laptop 15.6 4K UHD Nano-Edge Touch Display Intel Core i9-10980HK 32GB RAM 1TB SSD ,657.39,,Paraiso Das Maquinas Store
"Authentic Alienwares Area 51m Laptop, 17.3 9th Gen Intel Core I9-9900K, 32GB RAM, 2 X 256GB SSD (R0) + 1tb Sshd ",464.71,,Electronic Trading International Ltd Store
"Authentic Alienwares Area 51m Laptop, 17.3 9th Gen Intel Core I9-9900K, 32GB RAM, 2 X 256GB SSD (R0) + 1tb Sshd ",464.71,,Shop912374113 Store
"Authentic Alienwares Area 51m Laptop, 17.3 9th Gen Intel Core I9-9900K, 32GB RAM, 2 X 256GB SSD (R0) + 1tb Sshd ",464.71,,Shop1103619037 Store
Gaming Laptop Cooling CPU GPU Fan For Gigabyte G5 KF KE GE MF G5KF G5KE G5GE G5MF 2023 FPP6 DFS5K22305283Q FPP7 DFS5L32G16486P ,20.35,54,RYL MiracleGlobal E-parts Store
"Brand new Dell 16 plus 7630 laptop, Intel Core i7 13700h 16 16 10 2.5k screen, 16GB RAM ",610.5,,Shop1104205886 Store
"FRESH&CLEAN New Acer Predator Helios 300 Gaming Laptop, Intel i7-10750H, NVIDIA GeForce RTX ",475.21,,God&#39;s Crown Store Store
"FRESH&CLEAN New Acer Predator Helios 300 Gaming Laptop, Intel i7-10750H, NVIDIA GeForce RTX ",475.21,,Electronic Trading International Ltd Store
For A-ASUS ROG Zephyrus GX501 Ultra Slim 15.6 FHD 144Hx GTX 1080 Intel Core i7-8750H 16GB DDR4 512GB PCle SSD Gaming Laptop ,732.6,,Shop1102996643 Store
DDR4 4GB 8GB 16GB 32GB Laptop Memories Ram 2133 2400 2666 3200Mhz PC4 1.2V 260Pin 17000 19200 21300 Sodimm Notebook Memory Ram ,54.9,21,VEHT Store
"New Authentic A SUS ROG Zephyrus Duo 16 Dual Screen Laptop, 16  9 7945HX, 16GB RTX 4090, Gaming Laptop ",561.66,,Shop912502373 Store
BEST SALES ASUS ROG Strix G17 17.3 WQHD Ryzen 9 RTX 4070 32GB 1TB WiFi W11P Gaming Laptop ,1221.0,,SMART ELECTRONICS INC Store
MSI Katana GF66 15.6 Gaming Laptop i7- 11800H 16GB 512GB RTX 3070 - DOORSTEP DELIVERY ,1129.42,,Shop1104262666 Store
New Cover For Lenovo IdeaPad 1 15ADA7 15AMN7 2022 Laptop LCD Back Case Front Bezel Hinges Cover Gold/Silver/blue Color Top Case ,14.43,30,OneVan Laptop Parts Store
"Best trade for new MSI Katana A17 AI, AMD 8th Gen. Ryzen 9  Laptop ",1050.06,,Shop912720244 Store
"Best trade for new ASUS ROG Strix-G16 Gaming Laptop  16 Intel 24-core i9, NVI DIA Ge  Force RTX 4060 1TB SSD ",2271.06,,Shop912720244 Store
A-ASUS ZenBook Pro Duo UX581 Laptop 15.6 4K UHD NanoEdge Touch Display Intel Core i9-10980HK 64GB RAM 1TB SSD ,1139.44,,Promotion836sales Store
A-ASUS ZenBook Pro Duo UX581 Laptop 15.6 4K UHD NanoEdge Touch Display Intel Core i9-10980HK 64GB RAM 1TB SSD ,1139.44,,Xiomine Limited Sales Store
A-ASUS ZenBook Pro Duo UX581 Laptop 15.6 4K UHD NanoEdge Touch Display Intel Core i9-10980HK 64GB RAM 1TB SSD ,1139.44,,WORLDWIDE SHIPMENT INC Store
D-Sunty Ethernet Cable CAT8 40Gbps Nylon Braided Network Lan Cord for PC Modem Laptop PS 5 Router RJ45 Flat Cable Ethernet Cat 8 ,1.46,3000+,D-Sunty Official Store
"Authentic Alienwares Area 51m Laptop, 17.3 9th Gen Intel Core I9-9900K, 32GB RAM, 2 X 256GB SSD (R0) + 1tb Sshd ",574.6,,Electronic Trading International Ltd Store
"Authentic Alienwares Area 51m Laptop, 17.3 9th Gen Intel Core I9-9900K, 32GB RAM, 2 X 256GB SSD (R0) + 1tb Sshd ",574.6,,Shop912374113 Store
"Authentic Alienwares Area 51m Laptop, 17.3 9th Gen Intel Core I9-9900K, 32GB RAM, 2 X 256GB SSD (R0) + 1tb Sshd ",574.6,,Shop1103619037 Store
ASUS ZenBook Pro Duo 15 OLED UX582 Laptop ,604.36,,Shop1104345779 Store
2022 Surface Pro 9 - i7/16GB/256GB 13 2-in-1 Laptop New in Stock and Ready to ship ,564.83,,Shop1104262666 Store
10pcs x 5.7inch Backlight CCFL Lamps w/cable for LCD Laptop DVD Display Industrial Medical Screen 100mm*2mm Free Shipping ,21.79,5,LCD and LED
"HONOR MagicBook X16 Plus 2024 Laptop AMD Ryzen R7 8845HS 16GB 32GB 512GB 1TB 16"" Inch 60Hz/120Hz Notebook Ultrabook Computer PC ",1135.46,14,Mi-Mijia Outlets Store
Genmachine Laptop AMD Ryzen™ 9 4900H 15.6 Inch LPDDR4 RAM M.2 NVME SSD Business Gaming Laptops Computer Notebook Radeon Graphics ,755.99,,GenMachine Official Store
Xiaomi REDMI Book Pro 16 Laptop 2025 Ultra 7 255H/Ultra 5225H Intel Arc Graphics 32GB LPDDR5X 1T SSD 16-inch 3.1K 165Hz Screen ,2049.38,,WORLDFONE Store
Aluminum Alloy Laptop Holder Non-slip Holder adjustable portable laptop table stand for Notebook Computer Bracket Lifting ,3.31,263,LiDong Store Store
"PROMO DELIVERY Acer Nitro V - 15.6"" 144 Hz IPS - Intel Core i9-13900H - GeForce RTX 4060 Laptop GPU - 16 GB DDR5 - 512 GB PCIe S ",743.1,,Global Trade & Services Limited Store
BEST QU!! 2024 A-ASUS ZenBook Pro Duo UX581 Laptop 15.6 4K UHD Intel Core i9-10980HK 64GB RAM 1TB SSD in Stock and Ready to ship ,1159.95,,Shop912360237 Store
"PROMO CLEARANCE Acer Nitro V - 15.6"" 144 Hz IPS - Intel Core i9-13900H - GeForce RTX 4060 Laptop GPU - 16 GB DDR5 - 512 GB PCIe ",743.1,,Global Trade & Services Limited Store
"Vertical Laptop Stand Aluminum, Laptop Stand Holder with Adjustable Dock(9mm-27mm), Support for Macbook/Samsung/HP/Dell/Toshiba ",27.38,7,DOXONN Store
2024 A-ASUS ZenBook Pro Duo UX581 Laptop 15.6 4K UHD NanoEdge Touch Display Intel Core i9-10980HK 64GB RAM 1TB SSD ,1133.82,,WORLDWIDE SHIPMENT INC Store
CASEPOKE Laptop Sleeve Case 13.3 14.6 15.6 Inch Notebook Bag Tablet Waterproof Case For MacBook Air Pro Lenovo Hp Dell Men Women ,4.21,"2,000+",CASEPOKE Store
CASEPOKE Laptop Sleeve Case 13.3 14.6 15.6 Inch Notebook Bag Tablet Waterproof Case For MacBook Air Pro Lenovo Hp Dell Men Women ,4.21,"2,000+",Stone's Store
CASEPOKE Laptop Sleeve Case 13.3 14.6 15.6 Inch Notebook Bag Tablet Waterproof Case For MacBook Air Pro Lenovo Hp Dell Men Women ,4.21,113,CASEPOKE 3C Store
Laptop Sleeve bag 14 15.6 Inch Notebook Pouch For Macbook HP Dell Acer Shockproof Computer Briefcase Travel Business Men Case ,5.76,"5,000+",ValueWin Store
NEW For HP Pavilion Gaming 15 15-CX TPN-C133 Laptop LCD Back Cover/Front Bezel/Hinges/Palmrest/Bottom Case Top L20314-001 Green ,4.73,1,Super Some Store
Laptop Cases for Macbook Pro 14 Case M2 A2779 2023 Pro 16 Cover M3 M4 M1 Mac Book Air 13 Case 2022 13.6 A2681 Air 15.3 A2941 ,2.57,"5,000+",SZEGYCHX Official Store
Laptop Case for Macbook Air 13 A2337 2020 A2338 M1 Chip Pro 13 2022 M2 Air 13.6 M2 for Macbook Pro 14 case 2021 2023 M3 Pro 16 ,5.89,"10,000+",Sofia Store
Crystal Laptop Case For Apple Macbook 13 15 16 11 12 For Air 13 A2179 A2337 A2681 For M1 Chip Pro 13 A2338 Mac Protective Cover ,3.17,3000+,HEYGAEA Store
11-15.6 inches Soft Laptop Bag Sleeve For Xiaomi HP Dell Lenovo Macbook Air Pro Notebook Computer Case Cover Laptop Accessories ,1.46,800+,A phone accessories Store
LAPTOP BAG Laptop Sleeve Laptop Case For macbook case 13 14 15.6 17.3 inch Macbook Air ASUS Lenovo Dell Huawei ,15.94,3000+,Stone's Store
Laptop Computer Windows 11 Pro Intel Celeron N4000 2025 Notebook PC Gamer 12GB RAM 512GB 1TB 2TB SSD 1920*1080P Office Computer ,268.17,120,Global Laptop Store
15.6-inch Laptop Windows 11 32GB RAM DDR4 2TB SSD Intel N5095 Full HD Office PC with Backlight Fingerprint Laptop Macbook Air ,361.13,32,Unlocked Android Phones Store
Laptop Sleeve Bag Case For Apple Macbook Air Pro 13 M1 M2 2020 Notebook Sleeve Bag For ASUS 11 12 13.3 14 15 15.6 16 Case ,1.46,"1,000+",Megoo Official Store
Ultra Thin Hard Shell Laptop Case For Macbook Pro 14 Case For Macbook Air 13 M1 M2 M3 Air 15.3 13.6 Cover Pro 13 Case ,4.11,472,Relaxtoo Store
Ultra Thin Hard Shell Laptop Case For Macbook Pro 14 Case For Macbook Air 13 M1 M2 M3 Air 15.3 13.6 Cover Pro 13 Case ,4.11,192,Relaxtoo Store
Laptop Sleeve Bag 14-15.6 Inch Notebook Pouch for Men's Shockproof Computer Briefcase for Business Travel Laptop case ,9.39,40,Shop1104224244 Store
Soft Laptop Bag For Xiaomi Hp Dell Lenovo Notebook Computer For Macbook Air Pro Retina 11 12 13 14 15 15.6 Sleeve Case Cover ,6.59,3000+,KOJESHUN Certified Store
Laptop Bag Notebook Case Sleeve Cover 11 12 14 15 15.6 Inch For Macbook Pro Air Retina 13 For Xiaomi Huawei HP Dell Lenovo ,7.39,"5,000+",KOJESHUN Certified Store
"Transparent Macbook Case Compatible With Air Pro,13/14/15/16 Inch Computer Plastic Hard Shell Laptop Cover ",13.79,500+,Jumbowise Choice Store
"Transparent Macbook Case Compatible With Air Pro,13/14/15/16 Inch Computer Plastic Hard Shell Laptop Cover ",13.79,46,Jumbowise Choice Store
CASEPOKE Laptop Sleeve Case 13.3 14.6 15.6 Inch Notebook Bag Tablet Waterproof Case For MacBook Air Pro Lenovo Hp Dell Men Women ,15.38,"2,000+",CASEPOKE Store
CASEPOKE Laptop Sleeve Case 13.3 14.6 15.6 Inch Notebook Bag Tablet Waterproof Case For MacBook Air Pro Lenovo Hp Dell Men Women ,15.38,"2,000+",Stone's Store
CASEPOKE Laptop Sleeve Case 13.3 14.6 15.6 Inch Notebook Bag Tablet Waterproof Case For MacBook Air Pro Lenovo Hp Dell Men Women ,15.38,113,CASEPOKE 3C Store
"Soft Cotton Laptop Sleeve Bag Case For Notebook Tablet Cover 11"" 12"" 13"" 15"" 15.6"" For Macbook Retina 13 Xiaomi Huawei HP Dell ",1.46,486,VOGROUND Official Store
"Intel N3700 Notebook Gamer 15.6"" Ultra Slim Laptop 16GB RAM 2TB SSD 1920*1080 Display PC Windows 11 Office Study Computer ",261.38,58,Electronic Product Professional Store
Waterproof Laptop Bag Sleeve 11 12 13 14 15 15.6 16 Inch Case For MacBook Air Pro Xiaomi HP Dell Acer Notebook Computer Case ,10.07,380,Shop1102923917 Store
Laptop Inner Liner 11 Inch 12 Inch 13 Inch 14 Inch 15 Inch 17 Inch Laptop Bag ,5.99,4000+,LSS Computer Bag Store
Laptop Inner Liner 11 Inch 12 Inch 13 Inch 14 Inch 15 Inch 17 Inch Laptop Bag ,5.99,500+,LSS Computer Bag Store
13 14 15 16 Inch Laptop Bag Tablet Sleeve Case Puffy Notebook Pouch  for Macbook Air 13 Xiaomi Lenovo Dell Notebook Soft Case ,2.1,7,OneTwoSEV Tech 127 Store
"15.6"" Laptops Notebook PC Gamer Fingerprint Unlock Laptop Intel Celeron N4000 16GB DDR4 1TB SSD Office Computer PC Windows 11 ",320.38,25,CHUBAN PC Store
2024 New Ultra Thin Hard Shell Laptop Case For Macbook Air 13 Case For Macbook Pro 14 M3 M2 M1 Chip Air 13 13.6 15  A2941 Cover ,7.17,"1,000+",EGYAL Store
Laptop Bag For Xiaomi Lenovo Dell Notebook Computer Laptop Sleeve For Macbook Air Pro Retina 13 14 15 15.6 Inch Laptops Case ,8.0,"50,000+",Stone's Store
Laptop Bag For Xiaomi Lenovo Dell Notebook Computer Laptop Sleeve For Macbook Air Pro Retina 13 14 15 15.6 Inch Laptops Case ,8.0,"10,000+",Shop1102923917 Store
Laptop Bag For Xiaomi Lenovo Dell Notebook Computer Laptop Sleeve For Macbook Air Pro Retina 13 14 15 15.6 Inch Laptops Case ,8.0,"1,000+",Shop1102923917 Store
Protective Laptop Sleeve Case for 13.3 14 15.6 16 Inch New MacBook Pro M3 Max M2 M1 Slim Carrying Laptop Bag Men Women ,7.43,"1,000+",Canshuo Store
Anti-Scratch Felt Protector Bag Laptop Bag Tablet Protection Case Pouch Light Sleeve For 11 13 15 Inch iPad Pro Kindle Macbook ,1.46,500+,Outstanding Electronic Store Store
Soft Laptop Bag For Women Xiaomi HP Dell Notebook Computer laptop Sleeve backpack For Macbook Air Pro m1 13 15 15.6 Case Cover ,10.78,13,Outstanding Electronic Store Store
For Macbook Air 13 2018 2020 Intel A1932 A2179 A2337 Case for Laptop Accessories M1 M2 Cover Cases ,13.59,305,Jumbowise Choice Store
"Puffy Laptop Sleeve 13-14 Inch For Women,Laptop Cover for iPad Pro 12.9 MacBook Pro 14 Inch MacBook Air 13 Inch Tablet Pouch Bag ",11.39,135,Canshuo Store
Handbag Laptop Bag 13 14 15 15.6 Inch For Xiaomi MacBook Air ASUS laptop bag Case Cover Notebook Accessory Women Men Briefcase ,8.08,500+,Shop1102187979 Store
"2025 Windows 11 Pro Laptop Computer Intel Core i7 8500Y 16GB RAM 1TB 2TB SSD Computer PC 15.6"" Fingerprint Unlock Notebook Gamer ",396.68,38,Smart Laptop Store
"2025 Office Laptop Windows 11 i7-7500U Laptop PC 14.1""  Notebook Computer 1920*1080P Intel Core i7 7500U 12GB RAM 1TB 2TB SSD ",365.99,41,FUCHU PC Store
2025 NEW Professional Intel CORE i7-7500U laptop 12GB RAM 1TB/2TB SSD Computer 1920*1080 Resolution Office Study i7 PC Computer ,346.61,60,SHIMANG Laptop Global Store
Handbag Laptop Bag 13 14 15 15.6 Inch Sleeve Case Cover Computer Notebook Pc Accessories For Xiaomi MacBook Air Pro Women Men ,3.79,8,KOJESHUN Certified Store
Laptop Bag For Xiaomi Lenovo Dell Notebook Computer Laptop Sleeve For Macbook Air Pro Retina 13 14 15 15.6 Inch Laptops Case ,5.09,"50,000+",Stone's Store
Laptop Bag For Xiaomi Lenovo Dell Notebook Computer Laptop Sleeve For Macbook Air Pro Retina 13 14 15 15.6 Inch Laptops Case ,5.09,"10,000+",Shop1102923917 Store
Laptop Bag For Xiaomi Lenovo Dell Notebook Computer Laptop Sleeve For Macbook Air Pro Retina 13 14 15 15.6 Inch Laptops Case ,5.09,"1,000+",Shop1102923917 Store
2024 New Ultra Thin Hard Shell Laptop Case For Macbook Pro 14 Case For Macbook Air 13 M1 M2 M3 Air 15.3 13.6 Cover Pro 13 Case ,10.59,3000+,Sofia Choice Store
NEW Core i9-8950HK laptop 16GB RAM 2TB SSD Portable laptops 1920*1080 Notebook computer i9-8950hk laptop 14.1-inch Office laptop ,565.68,51,FUCHU PC Store
2025 Laptop Computer Windows 11 Notebook 14.1 Inch Intel Celeron N4000 12GB 512GB 1920*1080 Resolution Office Study PC computer ,276.98,81,Smart Laptop Store
"Fingerprint UnIock Notebook Windows 11 Pro 15.6 inch Laptop Intel Core i7 8500Y 15.6"" 16GB RAM 1TB/2TB SSD Office Study Laptops ",394.68,53,Laptop Factory Store
"15.6"" Ultraslim Fingerprint Unlock Laptop Windows 11 Pro Intel Core i7-8500Y 16GB RAM Laptop 16GB DDR 1TB SSD Computer Office PC ",397.38,40,SHIMANG Laptop Global Store
11 13 14 15 Inch Laptop Sleeve Case PU Leather Ultra Thin Notebook Protective Pouch Colorful Portable Travel Office Tablet Bag ,4.89,29,Safety Protection Grocery Store
Love Shaped Ins Laptop Sleeve Pouch for Ipad Pro 11 Macbook Air 13.3 13.6 14 15 15.6 16 inch HP Asus Dell Laptop Inner Bag ,16.68,3,Shop1104385184 Store
Cute Laptop Sleeves Carring Case 13 13.6 15.6 16 Inch Computer Bags For Macbook air M1/2 13.3 Pro14 15 Inch ASUS HP Liner Sleeve ,3.81,72,Shop1103875403 Store
Laptop Handbag Sleeve Case 12 13 14 15 16 inch For HP DELL Notebook Bag Carrying Bag Macbook Air Pro 15.4 15.6 Protective Cases ,4.1,32,Mosizave Accessories Store
2025 Windows 11 laptops 14.1 Inch Intel CORE i7 7500U Notebook 12GB RAM 1TB SSD Computer 1920*1080 HD Office Study PC Computer ,346.29,57,Laptop Factory Store
11 12 13 14 15 15.6 inch Notebook Bag Waterproof Laptop Bag for Huawei Macbook Pro 13.3 15.4 12.5 Laptop Sleeve Case Computer ,5.09,7,KOJESHUN Certified Store
"Matte Laptop Case For Macbook Air 13 A2337 A2681 For Mac M1 Chip Pro 13 A2338 For Macbook Pro 14,16, 15.3 A2941 Protective Cover ",6.11,600+,HiSan-electron Store
Laptop Bag Sleeve For Huawei Xiaomi Dell Lenovo Macbook Air 13 Case 2022 Pro 11 13 15 15.6 inch Cases Cover Laptop Accessorie ,1.46,65,yellow piggy Store
Laptop Bag Sleeve For Huawei Xiaomi Dell Lenovo Macbook Air 13 Case 2022 Pro 11 13 15 15.6 inch Cases Cover Laptop Accessorie ,1.46,38,Jamily Trend Store
Puffy Laptop Sleeve Bag Embroidered Bow Design Notebook Carrying Case For macbook ASUS HP 13-14.2 Inch Girl Computer tablet Bag ,4.18,72,ValueWin Store
13.3 14 15.6 inch Ultra Thin Laptop Handbag Sleeve Case Notebook Cover Pouch Shoulder Bag For Lenovo HP Dell Asus Samsung ,2.62,600+,Office Digital Store
11/13/14/15 Inch Laptop Sleeve Case Ultra Thin PU Leather Ultrabook Cover Notebook Bag Protective Pouch for HP/Dell/Surface ,3.47,326,SU CHENG ZI Store
New Men's Waterproof Backpack USB School Backpack 15.6 Inch Laptop Backpack Unisex Book Bag Bagpacks Men Stylish Back Pack ,13.75,34,NewTechno Store
Laptop Case For MacBook 11 13 14 15 16 Inch For MacBook Pro 14.2 A2442 A2779 Mac book Air 13.3 M2 13.6 A2681 Protective Cover ,5.44,342,DAORANGE Official Store
13.3 14 15.6 17 17.3 inch Laptop Bag for Macbook Air Pro 13 15 16 Huawei Asus Dell HP Lenovo Notebook Shoulder Bag Carrying Case ,14.6,19,Laptop Bags Loves Accessory Store
Laptop Case For Macbook Air 13 Case PVC Hard bottom shell For Macbook Pro Retina 13 PU leather Case For 2023 MacBook 14 15 Cover ,19.68,104,EGYAL Accessories Store
Laptop Sleeve Case Protective Carrying Case Laptop Bag for 11/13/15 Inch Notebook Tablet ,3.15,19,3C-Consumer Electronics Store
"Laptop Sleeve Bag, 14 Inch, Cashmere, PU, Waterproof, Anti-friction, Compatible with Apple Macbook Air Pro, Laptop, Tablet, PC ",6.79,29,Shop1103764399 Store
Laptop Sleeve Case for Macbook Air Pro Carrying Bag for Lenovo Asus HP Dell 11 13.3 14 15.4 15.6 Inch Notebook Shockproof Cover ,1.46,12,Hansong Choice Store
Cute Bow Graphic Laptop Bag Tablet Sleeve Case 11 13.3 14 15.6 Inch For Macbook Air 13 Pro Xiaomi Lenovo Dell Notebook Soft Case ,2.73,167,Canshuo Store
Laptop Case For Macbook Air 13 A2337 A1466 For 13.6 Air A2681 /15.3 Air A2941 For Macbook Pro 14 16 Matte Protective Cover Case ,6.79,251,FIRPRO Store
Laptop Bag For Xiaomi Lenovo Dell Notebook Computer Laptop Sleeve For Macbook Air Pro Retina 13 14 15 15.6 Inch Laptops Case ,1.46,"50,000+",Stone's Store
Laptop Bag For Xiaomi Lenovo Dell Notebook Computer Laptop Sleeve For Macbook Air Pro Retina 13 14 15 15.6 Inch Laptops Case ,1.46,"10,000+",Shop1102923917 Store
Laptop Bag For Xiaomi Lenovo Dell Notebook Computer Laptop Sleeve For Macbook Air Pro Retina 13 14 15 15.6 Inch Laptops Case ,1.46,"1,000+",Shop1102923917 Store
Adapted to 29-140W Suitable for MacBook Pro/Air Charger Protective Case Apple Laptop Power Adapter Silicone Protective Case ,1.46,500+,Shop4422186 Store
"Transparent Macbook Case Compatible With Air Pro,13/14/15/16 Inch Computer Plastic Hard Shell Laptop Cover ",5.43,500+,Jumbowise Choice Store
"Transparent Macbook Case Compatible With Air Pro,13/14/15/16 Inch Computer Plastic Hard Shell Laptop Cover ",5.43,46,Jumbowise Choice Store
Laptop Inner Liner 11 Inch 12 Inch 13 Inch 14 Inch 15 Inch 17 Inch Laptop Bag ,1.46,4000+,LSS Computer Bag Store
Laptop Inner Liner 11 Inch 12 Inch 13 Inch 14 Inch 15 Inch 17 Inch Laptop Bag ,1.46,500+,LSS Computer Bag Store
Laptop Case For Macbook Air Pro 13 14 15.3 16.2 Case M3 M2 M1 2024 2023 2022 2021 2020 2019 2018 2017 2016 2015 2014 2013 2012 ,4.35,410,Sofia Store
NEW Original Shell For DELL Inspiron 15 3000 3567 Laptop Top Back Cover/LCD Front Bezel/Palmrest Upper Case/Bottom Lower Case ,17.69,,Shop5046175 Store
"9""-17"" Ultra Slim Laptop Bag Full Protective iPad Macbook Sleeve Case Pouch for Apple Dell Lenovo ASUS Xiaomi Notebook Computer ",1.46,289,A Studious Store
For Macbook Air M1 Case Funda Macbook Pro 13 Case for Laptop accessories macbook M2 15 Cover 2023 M3 Mac Book Pro 14 16 Capa ,7.12,196,SZEGYCHX Choice Store
Original For HP Omen 15-EK 15-EN 15-EN0013DX TPN-Q236 TPN-Q238 Laptop LCD Back Cover Front Bezel Top Palmrest Cover Bottom Case ,49.99,1,likesome Store
Laptop Cases for Macbook Pro 14 Case M2 M3 2023 Pro 16 Cover M1 Mac Book Air 13 Case 2022 13.6 A2681 Air 15.3 A2941 ,5.58,800+,SZEGYCHX Choice Store
Cute Sleeve Bow Embroidery Computer Bag Tablet Sleeve Case 11 13.3 14 15.6 Inch Women Laptop Sleeves for Macbook Ipad HP ASUS ,3.24,53,DXN TECH Store
Cute Sleeve Bow Embroidery Computer Bag Tablet Sleeve Case 11 13.3 14 15.6 Inch Women Laptop Sleeves for Macbook Ipad HP ASUS ,3.24,113,DYM Tech Store
Waterproof Notebook Case Laptop Bag 11 12 13 14 15 15.6 Inch Handbag For Macbook Air Pro 13.3 15.4 Computer Sleeve Briefcase Bag ,11.15,6,KOJESHUN Certified Store
"15.6"" Windows 11 Pro Laptop Computer Intel Core i7 8500Y 16GB RAM 1TB SSD Laptops Office Computer PC Fingerprint Unlock Notebook ",396.68,22,XIANGMEI Store
"15.6"" Windows 11 Pro Laptop Computer Intel Core i7 8500Y 16GB RAM 1TB SSD Laptops Office Computer PC Fingerprint Unlock Notebook ",396.68,66,SHIMANG Laptop Store
Waterproof Bag Laptop Sleeve Denim Case 11 12 13.3 14 15 15.6 Inner Bladder For Macbook Pro Air M1 Dell HP Huawei Lenovo Xiaomi ,3.35,4,KOJESHUN Certified Store
Cute Rabbit Computer Bag Suitable for iPad 9.7-11 inch Macbook/Lenovo/HP 13.3/14/15/15.6/16 Inch Laptop Bags Protective Case ,5.47,25,DXN TECH Store
12/13.3/14/15/15.6/16 inch Laptop Sleeve Felt Ultralight Notebook Tablet Pad Case Multi-pocket Pouch Bag Briefcases For Macbook ,7.15,4,Shop1104551412 Store
Cute Laptop Bag For Macbook Air 13.3 13.6 15.3 Pro14 15 16 Dell Huawei Samsung LG 15.6 Ipad Air6 Pro11 12.9 13 Inch Tablet Pouch ,15.73,66,Shop1103875403 Store
Laptop Bag Handbag 11 Inch 13 Inch 14 Inch 15 Inch 16 Inch 17 Inch Heat Transfer Printing Trend Laptop Protection Bag ,2.09,139,LSS Computer Bag Store
Laptop Backpack 17.3 inch Large Capacity Travelling Backpacks Waterproof Laptop Bag 15.6 17.3 Multi-pockets Men's Backpack ,27.9,600+,3C Better Choice Store
New Laptop Bag for women Lightweight Computer Backpack Anti-Fall Waterproof Fabric With Side Pockets For Business Travel School ,13.39,6,Mairuige Factory Direct Sales Store
Cute Laptop Handbag 11 13.3 14 15 15.6 16 Inch For Ipad Pro 11 12.9 13 Macbook Air13.6 Samsung Xiaomi Huawei Lenovo Notebook Bag ,21.38,3,Shop1104385184 Store
Cute Sleeve Bow Embroidery Computer Bag Tablet Sleeve Case 11 13.3 14 15.6 Inch Women Laptop Sleeves for Macbook Ipad HP ASUS ,1.69,53,DXN TECH Store
Cute Sleeve Bow Embroidery Computer Bag Tablet Sleeve Case 11 13.3 14 15.6 Inch Women Laptop Sleeves for Macbook Ipad HP ASUS ,1.69,113,DYM Tech Store
Laptop Sleeve Case PC Cover for Xiaomi Air HP Dell Laptop Bag Tablet Case For Macbook Air Pro Retina 11 12 13 14 15 15.6 inch ,1.46,18,KOJESHUN Certified Store
Laptop Bag Notebook Pouch 14 16.1 Inch Sleeve Cover Waterproof Shockproof Briefcase For Xiaomi Lenovo Dell Macbook Air Pro ,8.86,107,DYM Tech Store
Leopard Pattern Laptop Bag For Dell/ Macbook/LG/Samsung 13/13.3/14/15.6/16 Huawei Xiaomi iPad 11 Inch tablet Storage Bag ,5.01,33,DXN TECH Store
【5-year warranty】2025 New Portable Notebook Windows 11 Pro 14.1 inch Gaming  Computer PC Gamer Intel Core i9 8950HK Laptops i9 ,556.31,140,SHIMANG Laptop Store
Ins Cute Flower Laptop Sleeve Computer Carrying Case Bag 11 13 14 15.3 15.6 Inch Portable Table Cover Bags for Mac Book HP ASUS ,4.79,75,DYM Tech Store
Laptop Cases for Macbook Pro 14 Case A2442/A2779/A2992 Air13 pro13 2022-2024 Air13 2023-2024 Air15 TPU Soft Cover BagSupplies ,4.63,7,Hansong Choice Store
Soft Laptop Bag 13 13.6 14 15 15.6 17 inch For Huawei Lenovo ASUS HP Dell Macbook Air Pro 16 M1 M2 Case 2023 Sleeve Liner Cover ,1.46,600+,666 Keyboard mouse Store
"16 Inch and 17 Inch Computer Bag Front Pocket Can Hold Power, Mouse, Large Space, Laptop Handbag, Lightweight Computer Handbag ",6.22,11,LSS Computer Bag Store
Laptop Sleeve Bag Case 11 13 15 16 inch For Apple Macbook Lenovo Huawei Xiaomi Notebook iPad Air Pro 10 Tablet Cover Accessories ,1.46,29,GameFalcon Digital Flagship Store
15.6 Inch 14 15 In Laptop Bag Business Portable Computer Handbags Laptop Shoulder Handbag Zipper Shoulder Simple Style ,18.02,5,KOJESHUN Certified Store
Case for Huawei Matebook 14 2024 Crystal and Matte PC Cover for 14.2 Inch MateBook 14 2024 Release Laptop Protective Hard Shell ,9.94,133,Kencussung 3C Digital Store
Invisible Laptop Case for Macbook Air 13 Case M1 M2 M3 M4 Pro 14 16  Funda Para Air 15 Pulgadas Advanced Laptop Shell ,7.93,209,SZEGYCHX Official Store
"2025 14.1"" Portable Windows 11 Pro Laptop Computer Intel Core i9 8950HK HD Screen 16GB RAM 1TB 2TB SSD Gaming laptops Pc Gamer ",558.67,74,Smart Laptop Store
Laptop Sleeve Case For 11 12 13.6 15 15.6 16 MacBook Air 13.3 15.4 Pro 14 M1 M2 Notebook bag Dell Huawei Surface Xiaomi Cover ,10.25,412,TAIKESEN Official Store
"15.6"" HD IPS Laptop Computer Intel Celeron N4000 Notebook PC Fingerprint Unlock Windows 11 Pro 16GB DDR4 1TB SSD Gaming Laptop ",313.68,10,Global Laptop Store
Laptop Sleeve Bag Protective Carrying Case for 13 13.3 15 15.6 Inch Ipad11 Macbook Air M2 13.6 Pro14 16  Lenovo Huawei Handbag ,6.56,65,Shop1102589702 Store
Laptop protective shell For Apple Macbook 2020 Air 13 A2337 A2179 A1932 Case For MacBook M1 M2 Pro 13 A2338 A2289 Case Pro 14 ,7.66,73,DYM Tech Store
Laptop Case For Macbook Air 13 Case M1 M2 Hard bottom Cover Air 15 M3 PU leather Case For MacBook Pro 14 M4 Max 2024 16.2 Shell ,14.54,181,Sofia Choice Store
Laptop Case for MacBook Pro 14 A2442/A2779/A2992 New Air13 pro13 2022-2024 Air13 2023-2024 Air15 TPU Soft Cover Bag Accessories ,4.71,8,Hansong Choice Store
Laptop Case For MacBook Pro 13 Case 2022 M1 A2338 M2 Air 13.6 15 Touch Coque Macbook Air 13 Case Funda Pro 16 14 M3 accessories ,9.1,295,SZEGYCHX Choice Store
CASEPOKE Laptop Sleeve Case 13.3 14.6 15.6 Inch Notebook Bag Tablet Waterproof Case For MacBook Air Pro Lenovo Hp Dell Men Women ,5.37,"2,000+",CASEPOKE Store
CASEPOKE Laptop Sleeve Case 13.3 14.6 15.6 Inch Notebook Bag Tablet Waterproof Case For MacBook Air Pro Lenovo Hp Dell Men Women ,5.37,"2,000+",Stone's Store
CASEPOKE Laptop Sleeve Case 13.3 14.6 15.6 Inch Notebook Bag Tablet Waterproof Case For MacBook Air Pro Lenovo Hp Dell Men Women ,5.37,113,CASEPOKE 3C Store
LCD Back Cover For Aspire 3 A315-42 A315-42G A315-54 54K A315-56 N19C1 Plastic Laptop Repair Case 15.6inch Black/Gray/Red/Blue ,29.99,1,Epc Parts Store
Puffy Laptop Shoulder Sleeve Bag for Women 13-14.2 inch Laptop Case for Macbook Pro/Air 13 14 Lightweight Quilted Notebook Bag ,9.87,6,ValueWin Store
Ultra Thin Hard Shell Laptop Case For Macbook Pro 14 Case For Macbook Air 13 M1 M2 M3 Air 15.3 13.6 Cover Pro 13 Case ,5.32,472,Relaxtoo Store
Ultra Thin Hard Shell Laptop Case For Macbook Pro 14 Case For Macbook Air 13 M1 M2 M3 Air 15.3 13.6 Cover Pro 13 Case ,5.32,192,Relaxtoo Store
Laptop Notebook Case Tablet Sleeve Cover Bag 12 13 14 15 16 inch for Apple Matebook Air Pro 15.4 15.6 for Xiaomi Huawei HP Dell ,4.76,12,AILEHKUO Choice Store
2023 New Laptop Case For Macbook Air 13 M1 M2 A2337 Case For Macbook Pro 13 A2338 Case Chip 2022 Air 13.6 A2681 Support Cover ,4.24,18,Shop1103837114 Store
2023 New Laptop Case For Macbook Air 13 M1 M2 A2337 Case For Macbook Pro 13 A2338 Case Chip 2022 Air 13.6 A2681 Support Cover ,4.24,54,Shop1103837114 Store
NEW Laptop Case for HP 15-DW 15S-DU DY DR 250 255 G8 TPN-C139 LCD Back Cover Front Bezel Palmrest Bottom Case Top Upper Housing ,3.26,279,Global computer accessories Store
Lenovo LEGION Multi-function Backpack P3 18L Large Capacity Anti-splash 19 Compartment Bags for 16-inch Gaming Laptop ,165.99,,Lenovo Smart Life Store
Large Capacity tote laptop bag for women Lightweight Large Puffer Bag Shoulder Purses Handbags for Travel Work soft padded bags ,26.71,3,ValueWin Store
Waterproof Laptop Bag Women Sleeve 13 14 15 15.6 Inch Case For MacBook Air Pro HP Dell Acer Xiaomi Notebook Computer Men Case ,8.38,7,KOJESHUN Certified Store
New For Asus X542 X542U X542UR X542BA R542UA A580 F580 FL8000 Laptop LCD Back Cover/Front bezel/Hinges/Palmrest/Bottom Case ,83.99,4,Duobao 3C Digital Store
11/13/15 Inch Flower Pattern Laptop Sleeve Case Bag Shockproof Computer Cover Bag Laptop Protective Bag for MacBook Air Ipad ,3.8,27,an illusion
Laptop Bag Sleeve Women 15.6 15 14 12 11 for Xiaomi Hp Lenovo Macbook Air Pro 13 2020 Case Computer Notebook Cover Accessories ,6.66,146,KOJESHUN Certified Store
Wool Felt Laptop Bag 11 12 13 15.6 Inch For Macbook HuaWei Xiaomi Laptop Case With Mousepad Or Power Mini-Pack Gift Tablet Case ,1.46,13,EMTRA Store
Cute Clouds Laptop Bag For 13/14/15/16 Inch Computer Notebook Shockproof Tablet Bag Protective Cover Laptop Storage Bag ,6.33,14,Dn3C 4602 Store
2024 M3 Laptop Case For MacBook Air 13 15.3 Case 2020 M1 For Macbook Pro 13 14.2 16.2 Case Funda Macbook Pro 16 Case m2 2022 ,8.43,267,Sofia Store
2023 New Laptop Case For Macbook Air 13 M1 M2 A2337 Case For Macbook Pro 13 A2338 Case Chip 2022 Air 13.6 A2681 Support Cover ,7.54,18,Shop1103837114 Store
2023 New Laptop Case For Macbook Air 13 M1 M2 A2337 Case For Macbook Pro 13 A2338 Case Chip 2022 Air 13.6 A2681 Support Cover ,7.54,54,Shop1103837114 Store
Laptop Sleeve Bag for Macbook Air Pro 11 13 14 15 15.6 Inch Dell Asus HP Lenovo PC Laptop Case Notebook Soft Liner Bag Cover ,6.18,263,DYM Tech Store
Flowers and Cute Bear Laptop Sleeve Bag Fluffy Padded Carrying Case for Macbook Air Pro 13 14Inch 15 Inch Notebook bag ,4.67,9,ZGZ Tech Store
Laptop Handbag 13 Inch 14 Inch 15 Inch Computer Handbag Multifunctional Lightweight Portable Computer Bag ,2.64,36,LSS Computer Bag Store
Large Capacity Laptop Bag Shockproof Protective Laptop Case 15.6 17 inch Strap Carrying for Lenovo/HP/Dell/Asus/Samsung ,4.98,57,3 See Zone Store
Portable Notebook Windows 11 Pro 14.1 inch Gaming Laptop Computer PC Gamer Intel Core i9 8950HK Office Study Business Laptops i9 ,540.93,45,Global Laptop Store
Laptop Case 13 Inch 14 Inch 15 Inch 16 Inch Computer Inner Tank Bag Laptop Protective Cover Mouse pad Liner Sleeve ,1.46,47,Shop1103861025 Store
HAWEEL 16 inch Laptop Sleeve Case Zipper Briefcase Bag for 15-16.7 inch Laptop ,1.99,600+,XPhone Repair Store
"Intel Notebook PC Gamer 15.6"" Ultra Slim Laptop Intel Celeron N4000 16GB RAM 1TB 2TB SSD Office Study Computer PC Windows 11 Pro ",322.38,34,CHUBAN PC Store
15.6 Inch Laptop Bag Case for Macbook Pro 13 Waterproof Laptop Sleeve for Macbook Pro 13 Case Computer Notebook Bag 15.6 ,8.78,76,Shop1103842078 Store
Laptop MacBook Case For New MacBook Pro 14 M3 M2 M1 Chip Pro 16 Funda Air 13 13.6 15 Dirt Resistant Computer Case Accessories ,5.29,115,CASEPOKE Store
"Brand Laptop Bag 12,13.3,14,15.4,15.6.16 Inch Waterproof Sleeve Case For Macbook Air Pro M 1 Man Lady Women Notebook Shockproof ",9.01,419,Ai-Green Store
New Notebook Handbag 13.3/13.6/14 /15/15.6/16Inch For Macbook Case Sleeve Ipad Pro11 Tablet Bag Lenovo HP Dell Laptop Bag ,14.57,32,KOYO Life Store Store
New Laptop case for HP Probook 450 G7 G6 455R G7 PRO 15 G3 LCD Back Cover Front Bezel Palmrest Bottom Case Housing Replacement ,25.18,17,Dobby Laptop Parts Store
Laptop Case For Lenovo Yoga 7 2-in-1 16AHP9 16IML9 / IdeaPad Pro 5 16AHP9 16IMH9 Anti Drop Detachable Laptop Protective Case ,41.5,24,Lihong Store
Laptop Sleeve Bag 13.3 15.6 Inch Notebook Pouch For MacBook HP Dell Lenovo Shockproof Computer Briefcase Travel Businessmen Case ,7.16,19,ValueWin Store
Laptop Sleeve Bag 13.3 15.6 Inch Notebook Pouch For MacBook HP Dell Lenovo Shockproof Computer Briefcase Travel Businessmen Case ,7.16,100,ValueWin Store
Frosted Laptop Case For 2020 Macbook Pro 13 Touch Bar A2159 A2289 A2338 Air 13 inch A2337 A2179 A1932 A1466 With Keyboard Cover ,17.58,42,BRYT Digital Accessories Store
"New Top Lower Bottom Case For HP 17-CA 17-BY 17Q-CS 470 G7 Laptop LCD Back Cover Front Bezel Palmrest Bottom Case Hinges 17.3"" ",20.38,7,360-colorful life
Laptop Bag Case Cover For Macbook Air Pro 13 11 12 15 15.6 For Xiaomi Lenovo HP Notebook Computer Sleeve 14 Inch Accessories ,2.24,184,KOJESHUN Certified Store
For Acer Swift 3 SF314-57G N19H4 Laptop LCD Rear Lid Back Top Cover Front Bezel Palmrest Upper Bottom Base Case Housing Grey ,40.58,2,Ali Global Store
New Original Laptop Case For HP Pavilion 14-BF TPN-C131 LCD Back Cover Front Bezel Palmrest Keyboard Bottom Case Top AM22R000320 ,36.79,3,Shop1103732166 Store
NEW Original Laptop Case For HP 17-BY 17-CA 17T-CR 17Q-CS 470 G7 LCD Back Cover/LCD Bezel/Palmrest /Bottom Case/Hinge L22508-001 ,48.99,1,Nubian Laptop Accessories Store
For Macbook Pro 13 Case 2022 m2 Matte Laptop Case 2021 M1 For Macbook Air 13 Case For Macbook Pro 16 Case Laptop Sleeve Cover ,7.01,34,Sofia Store
Laptop Sleeve Bag 13.3 15.6 Inch Notebook Pouch For MacBook HP Dell Lenovo Shockproof Computer Briefcase Travel Businessmen Case ,8.47,19,ValueWin Store
Laptop Sleeve Bag 13.3 15.6 Inch Notebook Pouch For MacBook HP Dell Lenovo Shockproof Computer Briefcase Travel Businessmen Case ,8.47,100,ValueWin Store
NEW Original For HP ProBook 440 G7 445 G7 Series Laptop LCD Back Cover Front Bezel Palmrest Bottom Case Silver 440 G7 ,44.58,5,Shop1541185461 Store
Waterproof Laptop Bag 11 14 16 13 15 Inch Case For MacBook Air Pro 2023 2024 Mac Book Computer Fabric Sleeve Cover Accessories ,16.39,16,Ascromy Official Store
New Laptop Case For HP Pavilion 17-BY 17-CA 17T-BY 17Z-CA 470 G7 Palmrest Upper Cover Bottom Case DVD Keyboard Top Shell Silver ,43.58,5,ZHUJI Laptop Parts Store Store
New Laptop Case For HP Pavilion 17-BY 17-CA 17T-BY 17Z-CA 470 G7 Palmrest Upper Cover Bottom Case DVD Keyboard Top Shell Silver ,43.58,19,Global computer accessories Store
REDMI Book Pro 14 2025 Ultra5-225H/Ultra7-255H/16GB/32GB/1TB/2.8K/120Hz ,1602.38,4,Mi and Lenovo Laptop Store
A1425 A1502 A1398 Laptop Case Protective Cover for MacBook Pro Retina 13.3 / 15.4 inch 2012 2013 2014 2015 Crystal Case ,9.08,160,shenyantech Store
Laptop Battery For BTY-M551 BTYM551 5845mAh 15.4V 90Wh Black New ,118.38,1,CDRTD Parts Store Store
Lightweight Laptop Bag 14 Inch Portable Laptop Sleeve Cover Handbag Protective Case Notebook Pouch For Macbook Air Pro Office ,3.62,138,MapleStory Store
"BEST PRICE GT77 17.3"" UHD 120Hz Core i7-12800HX i9 12900HX RTX 3070 Ti 32GB DDR5 1TB NVMe SSD, Thunderbolt 4, USB-Type ",488.4,,Shenzhen Topleo Technology Electronic Limited Store
New For Acer Predator Helios 300 G3-571 G3-572 G3-573 N17C1 PH315-51 Laptop LCD Back Cover Top Shell Case / LCD Bezel / Hinges ,41.38,2,Duobao 3C Digital Store
"14.1"" Portable Laptop Intel Celeron N5095 16GB DDR4 512GB 1TB SSD Windows 11 Pro Notebook Pc Gamer Office Study Computer Laptops ",351.38,6,XIANGMEI Store
Stand Laptop Case For MacBook Pro 13 Case M1 M2 Air 15.3 A2941 2023 Matte case M3 Max 2024 Air 13.6 A3113 15.3 A3114 Case ,9.49,370,Jiebin Store
New Case for Acer Aspire 5 A515-51 A515-51G A515-41 A515-41G N17C4 Laptop LCD Back Cover Front Bezel Palmrest Bottom Case Hinges ,34.59,9,WPFSGE Laptop Accessories Store
New Laptop Case For HP Pavilion 17-BY 17-CA 17T-BY 17Z-CA 470 G7 Palmrest Upper Cover Bottom Case DVD Keyboard Top Shell Silver ,10.69,5,ZHUJI Laptop Parts Store Store
New Laptop Case For HP Pavilion 17-BY 17-CA 17T-BY 17Z-CA 470 G7 Palmrest Upper Cover Bottom Case DVD Keyboard Top Shell Silver ,10.69,19,Global computer accessories Store
For HP Pavilion 17-BY 17-CA 17-CR 17T-BY 17Z-CA 470 G7 Laptop New Best Selling LCD Back Bezel Palm Rest Backcase L83725-001 ,40.58,12,Yunmeng Laptop 3C Accessories Store
Original For Dell Latitude 5420 5421 5430 5431 Precision 3470 Series Laptop LCD Back Cover Top Housing Case Rear Lid DW98X ,27.18,3,KONYA Store
New Original For Dell Inspiron 15 3510 3511 3515 Series Laptop Back Cover Top Housing Case Lcd RearLid DDM9D AP3LE000A01 ,32.38,1,KONYA Store
New Original For HP ENVY X360 15-AQ AR M6-AQ AR TPN-W119 Laptop Back Cover Top Housing Case Lcd Rear Lid 856782-001 856799-001 ,29.99,8,KONYA Store
New Laptop For Lenovo Ideapad L340-15 L340-15IRH LCD Back Cover Front Bezel Upper Palmrest Bottom Base Case Keyboard Hinges ,38.18,10,RUI CHI Laptop Accessories Store Store
Cheap Notebook 15.6 inch HD Intel Celeron J4125 12G DDR4 128GB 256GB SSD Windows 10 Ultrabook PC Portable Gamer School notebooks ,211.68,4,Professional Laptop Tablet Store
Original NEW Laptop LCD Back Cover For HP Pavilion X360 14-CD Series 14-CD005NS LCD Top Case L22287-001 L22239-001 Touch Version ,22.58,27,360-colorful life
13.3 14 15.6 16 Inch Creative Laptop Bag High Capacity Shoulder Handbag For Macbook Air Pro HP Huawei Asus Dell Lenovo ASUS Acer ,22.46,31,Shop1104385184 Store
New For HP Pavilion 17-BY 17-CA 17T-BY 470 G7 Laptop LCD Back Cover Front Bezel Upper Palmrest Bottom Base Case Keyboard Hinges ,20.99,3,lisa laptop Store
NEW Laptop Case for HP Pavilion 17-BY 17-CA 17Q-CS 17Z-CA 470 G7 Palmrest Upper Cover Bottom Case DVD Back Shell Top L22508-001 ,45.18,3,Lucky 3C Digital City Store
New Cute bow Laptop Sleeve Cover Bag 11 13 13.3 13.6 14 Inch Carrying Case Bags For Ipad Macbook Asus HP Lenovo Samsung Huawei ,7.86,97,Shop1102589702 Store
New Original Palmrest Bottom Case For HP ELITEBOOK 840 G9 845 G10 ZHAN X14 Laptop Palm rest Upper Case Lower Bottom Cover Silver ,50.38,2,360-colorful life
New For HP 15-DW 15S-DU DR 250 G8 TPN-C139 Laptop LCD Back Cover Front Bezel Hinges Palmrest Bottom Case L52012-001 L52007-001 ,53.68,57,Dobby Laptop Parts Store
NEW Laptop Casing For HP Pavilion 17-BY 17-CA 17-CR 470 G7 Palmrest/Front Bezel/Hinges/Bottom Case LCD Back Cover Top case White ,13.08,2,Global computer accessories Store
Lenovo 2025 NEW ThinkBook 16+ U5-225H/U7-255H/U9-285H 32G+1T 16-Inch 3.2K 165Hz Screen ,1908.09,4,Lenovo AE-Mall Store
NEW Laptop LCD Back Cover Front Bezel Palmrest Bottom Case Top Upper Housing For Dell Inspiron 15 3580 3581 3582 3583 3585 5570 ,8.0,8,Lucky 3C Digital City Store
New Laptop LCD Back Cover Front Bezel Hinges Black Silver Gray Rear Lid Top Case For Dell Inspiron 15 3510 3511 3515 3520 3521 ,1.46,20,BORUI experience Store
NEW For Acer Nitro AN515-51 AN515-41 AN515-42 AN515-53 Laptop LCD Back Cover Front Bezel Hinges Top case Replace Cover ,16.13,4,OneVan Laptop Parts Store
Portable 14.1'' Slim Laptop Gamer  Intel N4000 180°  Windows 11 12GB RAM 512GB 1TB SSD 1920*1080 Office Study Computer PC ,276.01,33,SHIMANG Laptop Store
14.1''Folding Slim Laptop Gamer  Windows 11 Intel N4000 180°  12GB RAM 512GB 1TB SSD 1920*1080 Office Study Computer PC ,275.93,25,SHIMANG Laptop Store
For Acer Swift 3 SF314-54 SF314-54G SF314-56 Series Top A Case Silver New Laptop LCD Back Cover/Front Bezel/Palmrest/Bottom Case ,34.58,11,Duobao 3C Digital Store
For HP Pavilion 17-BY 17-CA 17-CR 17Q-CS 17Z-CA 470 G7 Hot Selling Laptop New Palm Rest Bottom Case Top Cover Top Case Silver ,40.58,16,Yunmeng Laptop 3C Accessories Store
【2025 New】Lenovo Xiaoxin Pro 16 GT AI7-350/860M AI9-365/880M 32G+1TB 16inch 2.8K 120Hz OLED Screen ,2134.38,,WORLDFONE Store
Original Palmrest for HP 17-BY 17-CA 17T-CR 17Q-CS 470 G7 Laptop LCD Back Cover/Bezel/Hinges/Bottom Case L22508-001 L22504-001 ,87.68,35,Global computer accessories Store
Best High-class Lenovo Yoga Pro 14s 2021 i7-1195G7  iRIS Xe Graphics 16GB Ram ThunderBolt 4.0 Leather 14 Inch 3840x2160 Touch ,6765.8,36,HUWEI Factory Store
Backpack for Lenovo LOQ 16APH8 16IRH8 15APH9 15AHP9 15IRX9 15IAX9I laptop 15.6 16 17.3 inches ,61.38,,Shop1103682393 Store
New Original For Acer Aspire 5 N20C5 A315-35 38 Series Laptop Lcd Back Cover Rear Lid Top Housing Case  AP3A9000500 AP3QX000100 ,36.38,9,E-trade Store
New For Acer Aspire 3 A315-41 A315-41G A315-53 A315-53G A315-33 N17C4 Rear Lid TOP Case Laptop LCD Back Cover Front Bezel Hinges ,24.18,14,BORUI experience Store
New For Acer Aspire 3 A315-41 A315-41G A315-53 A315-53G A315-33 N17C4 Rear Lid TOP Case Laptop LCD Back Cover Front Bezel Hinges ,24.18,6,likesome Store
For DELL Inspiron 15 3501 3500 5593 Laptop LCD Rear Lid Back Top Cover Front Bezel Case Replacement Housing Shell Hinges 032TJM ,39.38,9,WPFSGE Laptop Accessories Store
NEW Laptop Case for HP ProBook 440 G8 G9 G10 450 G8 G9 G10 445 ZHAN66 G4 G5 G6 LCD Back Cover Top Housing Rear Lid Replacement ,39.79,31,DD Laptop 3C Accessories Store
Bag only for the GPD G1!!! ONLY BAG ,52.68,,YSJMNPC Computer Store
New For DELL Inspiron 15 3510 3511 3515 3520 3521 Rear Lid TOP Case Laptop LCD Back Cover 0T4MT1 DDM9D 0WPN8 Front Bezel 09WC73 ,25.02,162,Future Notebook Part Store
"17.3 "" NEW Laptop Case For HP 17-CA 17-BY 17Q-CS 470 G7 LCD Back Cover Front Bezel Palmrest Lower Bottom Case Housing Black ",18.68,10,Shop1541185461 Store
NEW Case For HP Pavilion 15-CS 15-CW TPN-Q208 Q21 Laptop Parts Palmrest Bottom Case with Keyboard Cover Silver Blue Brand New ,47.58,3,Laptop Digital Components Store
"NEW for HP Pavilion 17-BY 17-CA 17-CR 17Q-CS 17Z-CA 470 G7 17.3"" Laptop Palmrest Bottom Case Upper Lower Cover Top Case Silver ",84.99,46,DD Laptop 3C Accessories Store
New For DELL Inspiron 15 7560 7572 LCD Bezel Cover Bottom Lower Silver Laptop Shell 07D54D 7D54D ,28.79,2,Xtbzsclyl Store
【World Premiere】REDMI Book 16 2025 NEW C5-220H 16G/32G+512GB/1TB 2.5K 120Hz Screen ,1384.9,9,Mi and Lenovo Laptop Store
Lenovo ThinkBook 16+ 2024 8845H/R7H-350 32 + 1 16-Inch 2.5K 120Hz Screen ,1759.24,600+,Lenovo AE-Mall Store
Laptop Sleeve for Macbook Pro 13 14 15 16 Inch Case Portable Tablet Bag Notebook Cover for Macbook Air ASUS Thinkpad Dell Mi ,6.47,158,Fine Selection Of Quality Goods Store
"Protective Case Laptop Sleeve Bag Compatible with OneXPlayer Mini Pro AMD Ryzen 7 Inch,Shockproof,Stylish and Durable ",30.16,7,Zshion Official Store
Original For Dell Latitude 5420 5421 5430 5431 Precision 3470 Series Laptop Back Cover Top Housing Case Lcd Rear Lid DW98X ,33.58,3,likesome Store
New For HP EliteBook 840 845 745 G7 G8 Laptop Original LCD Back Cover Front Bezel Upper Palmrest Bottom Case Keyboard Hinge Case ,5.97,19,likesome Store
New For Acer Aspire 3 A315-41 A315-41G A315-53 A315-53G A315-33 N17C4 Rear Lid TOP Case Laptop LCD Back Cover Front Bezel Hinges ,22.79,14,BORUI experience Store
New For Acer Aspire 3 A315-41 A315-41G A315-53 A315-53G A315-33 N17C4 Rear Lid TOP Case Laptop LCD Back Cover Front Bezel Hinges ,22.79,6,likesome Store
For HP 17-CA 17-BY Laptop LCD Back Cover/Front bezel/Palmrest Upper Case/Bottom Base L22506-001 L22517-001 L22750-001 L22515-001 ,21.79,13,Shop3141022 Store
Laptop Bag for Women 14 inch for MacBook Pro 14.2 M3 Air 13.6 M2 M1 Lenovo ThinkPad HP Envy Pavilion Dell Inspiron XPS ASUS Acer ,32.58,2,Laptop Bags Loves Accessory Store
New Original For HP Pavilion X360 14-DH TPN-W139 Laptop LCD Back Case/Bezel/keyboard Palmrest/Bottom Base Cover L52878-001 ,30.38,2,cn1413727476 Store
Lenovo ThinkBook X 2024 AI U9/U5 16GB LPDDR5x/1TB M.2 PCIe SSD 13.5inch 2.8K 120Hz 500nit ,2208.68,2,RED SPOT Store
【HOT】Lenovo ThinkBook 14+ AI 9 365/880M-AI7 H 350/860M-8845/780M 32G+1T 14.5inch 3K Resolution 120Hz Refresh rate Screen ,1754.41,196,MS Laptop Flagship Store
Lenovo 2025 NEW XiaoXin Pro 14 GT U5/U9 32G+1B 16-Inch 2.8K 120Hz Screen ,1923.16,2,Lenovo AE-Mall Store
Lenovo 2025 NEW ThinkBook 14+ Core5 32G+1T 14-Inch 2.8K 120Hz Screen ,1915.6,1,Lenovo AE-Mall Store
Lenovo YOGA Air 14C 2024 360° Flip U7 14inch 2.8K 120Hz Touch Screen ,2601.56,2,MS Laptop Flagship Store
2025 Lenovo Xiaoxin 15/16 SE R7-8745 780M 16G+512G 15.3/16inch 1080P AG Matte Screen ,1298.99,2,MS Laptop Flagship Store
Lenovo YOGA Air 14 2024 U7 32G 1T 14inch 2.8K OLED 120Hz Screen ,2129.05,3,Lenovo AE-Mall Store
"2024 New HONOR Laptop MagicBook X16 Pro 2024 16""Inch FHD Intel Core i5-13500H AMD Ryzen R5 7640HS Computer PC Notebook Ultrabook ",857.02,9,Mi-Mijia Outlets Store
Russian keyboard 15.6 Inch Gaming laptop Intel N5095 notebook computer free shipping windows key Ssd for office birthday present ,392.38,14,Celia Store
15.6 inch Laptop Intel Core i7-1255U i9-12900H Ultrabook Computer 2*DDR4 MAX 64GB RAM 2*M.2 2TB SSD Notebook Fingerprint unlock ,571.38,,YSJMNPC Computer Store
"New HONOR 1kg Laptop MagicBook Art 14 2024 14.6""Inch 3.1K 120Hz OLED Touchscreen Intel Ultra 5 7 Computer PC Notebook Ultrabook ",1761.46,2,WORLDFONE Store
"JINGSHA 14.1""Ultra Slim Laptop 32GB RAM 2TB SSD Intel N95 Notebook Gamer 1920*1080 Display Office Study Computer PC Windows 11 ",323.38,,JINGSHA Mini PC Factory Direct Store
XiaoXin Pro 16 GT AI 7H 350/AI 9H 365 32G+1T  [2025 New Russia Stock] ,1831.38,,Lenovo AE-Mall Store
Lenovo Xiaoxin Pro 16 Laptop 2024  AMD R7 8845H 16G/32G 1T/2TB SSD Radeon 780M 2.5K 120Hz Screen Al PC 16-inch Slim Notebook ,1366.68,2,WORLDFONE Store
YSJMNPC Gaming Laptop Computer Intel Core i9-10885H GTX1650 4G i7-9750H 16 Inch IPS Screen 144Hz Refresh Rate RGB Keyboard WiFi ,852.79,4,YSJMNPC Computer Store
Dual-screen Laptop intel Processor N100 4 Core 4 Thread 3.4GHz 15.6-inch IPS 2K four-sided narrow screen 7-inch IPS Touch screen ,456.46,4,NWNLAP Store
CRELANDER Z50 Business Laptop Intel N5095 2K IPS Screen Quad Cores DDR4 16GB 512GB SSD Windows 11 Notebook Portable PC Laptops ,452.68,2,Crelander Store
New Xiaomi Laptop RedmiBook Pro 15 Ryzen R7 6800H Integrated Graphics 16G 512GB/1TB 15.6-inch 3.2K Win11Notebook Computer PC ,1306.99,,Redmi Selection Store
Lenovo Laptop ThinkBook X 2024 AI Core Ultra 9 185H/Ultra 5 125H Intel Arc Graphics 16GB/32GB DDR5 1TB SSD 13.5-inch Notebook PC ,1821.38,,Redmi Selection Store
2024 MSI Bravo 15 Gaming Laptop 15.6 Inch FHD 144Hz IPS Screen Netbook AMD Ryzen R9-7940HS 16GB 1TB RTX4060 Gaming Computer PC ,1636.68,2,Original Brand Laptop Store
"Original Xiaomi RedmiBook Laptop Pro15 2023 Ryzen R7-7840HS AMD Radeon 780M 16G RAM 512G/1T SSD 15.6"" 3.2K 120Hz Notebook ",1231.68,,OLOEY PROJECTOR GLOBAL Store
New Lenovo Legion Y9000P Gaming Laptop 2023 13th Intel Core I9-13900HX 16G 32G/3/4T SSD RTX4060/RTX4070 16 inches 240Hz Notebook ,2558.32,1,LENOVO LEGION Store
7-inch pocket metal touch screen quad core laptop Business Office Games student online class mini laptop smart book PDA J4105 ,593.38,,Jumper Laptop Store
Cheap Pocket Laptop Netbook Computer Notebook GPD MicroPC 6 Inch RJ45 RS232 HDMI-Compatible Windows 10 Pro 8G RAM Backlit Black ,561.68,2,Oushedi Laptop Store
15.6 Inch Intel Core i7 1165G7 MX 450 powerful Gaming laptop Notebook for notes pc gamer Computer mini cheap University portatil ,884.38,2,Micaiah Store
240HZ Laptop 16 Inch 2560X1600 16GB RAM  Intel 11th HL160GT N5095 N95 Windows 10 11 Pro Gaming Office Notebook Pc Portable ,356.38,13,Baby Doing Buy Store
"2024 N4120 Mini Laptop 10.1-inch IPS Intel 10th Gen, 8GB RAM 1TB SSD, Office Learning Computer Portable Windows 10 11 Notebook ",520.68,2,TOPOSH Global Store
2024 MSI Summit E13 AI Evo Laptop 13.3 Inch FHD 60Hz 360° Flip Touchscreen Netbook Intel Ultra 7 155H 32GB 1TB Intel Arc Graphic ,2015.68,,Original Brand Laptop Store
GMOLO 2023 15.6inch Windows 11 Laptop Computer 16GB DDR4 RAM M.2 SSD Maxi 1TB N5095 Quad Core Fingerprint unlock IPS FHD screen ,401.99,1,LAPTOP Shop Store
Xiaomi Redmibook Pro 15 Slim Laptop Ryzen R7-7840HS AMD 780M/760M 16G RAM 512G/1T SSD 15.6Inch 3.2K 120Hz Screen Mi Notebook Pc ,1193.12,6,Redmi Selection Store
Super Gaming Laptop 16 Inch Notebook i7-13620H 64GB 2TB Gaming Computer Windows11 Fingerprint Notebook WIFI BT Gamer Netbook ,740.38,,YSJMNPC Official Store
Max 64GB Rom 16 Inch 2560x1600 IPS Gaming Laptop I7 12700H NVIDIA RTX 3060 6GB Fingerprint Notebook Windows 11 10 Pro Pcie Nvme ,1233.69,2,Professional One Laptop Store
Lenovo LEGION R7000 2024 Gaming Laptop AMD Ryzen 7 8745H RTX 4050/4060 Discrete Graphics 16GB SSD 512GB 15.6'' 144Hz Windows ,1854.68,1,LENOVO LEGION Store
Lenovo Xiaoxin Pro 14 2023 Laptop Ultra AMD Ryzen7 7840HS Radeon 780M 32GB LPDDR5X RAM 1TB/2TB SSD 2.8K 400nits 120HZ Notebook ,1628.38,,Redmi Selection Store
"AKPAD-ordenador portátil Intel N95 NVIDIA GTX 2024, 4G, Windows 10 11 Pro, Notebook de oficina con Bluetooth, 16G, 32G, 15.6 pul ",439.38,3,Professional One Laptop Store
2024 MateBook D16/ SE Laptop i9-13900H/i7-13700H/i5-13500H/i5-13420H 16GB 512GB/1TB 16-inch ,1041.38,2,HUAWEI Tablet Laptop Store
"Lenovo Laptop Thinkpad E14 AI Portable Business Student Slim Laptop 14""2.2K Intel Core  Ultra5/Ultra7 RAM-EXPANDER Notebook PC ",1345.99,1,Xiaomi And Lenovo Tablets Laptops Store
Lenovo Xiaoxin Pro16 GT Laptop Ultra 9 285H/Ultra 5 Integrated Graphics 32GB RAM 1T SSD 16 Inch 2.8K 120Hz Screen Notebook PC ,2066.99,,Redmi Selection Store
"Ram 16G Rom 128G 256G 512 1TB SSD 15.6"" Laptop Computer 2.4G/5.0G Wifi Bluetooth Intel Celeron J4125 Windows 10 5G WIFI Computer ",282.38,,OneTablet Store
Intel N95 Processor 10.5“+10.5” touch Dual Screen Laptop Gaming Laptop DDR4 16GB/32GB 2TB SSD Notebook Computer ,574.38,1,NWNLAP Store
14 Inch Laptop Windows 10 8GB RAM 256GB 512GB SSD Cheap Student Laptops Portable Notebook Wifi Computer ,290.38,,LAPTOP Shop Store
AKPAD Intel Xeon W-10885M Dual Screen 16 Inch (14 Inch Touch Screen) Gaming Laptop Notebook Windows 10 11 Pro ,1013.68,14,Baby Doing Buy Store
Lenovo Laptop ThinkBook 14+ 2024 AI AMD Ryzen R7 8845H Radeon 780M RAM 16GB LPDDR5x 1T SSD 14.5-inch 3K Screen Notebook PC ,1624.38,2,LENOVO THINKPAD ONLINE Store
2024 Lenovo ThinkBook 14+ U5-125/U7-155/U9-185 14.5inch 3K 120Hz Screen ,1471.29,3,MS Laptop Flagship Store
Lenovo Laptop YOGA Air 15 Aura 2th Core Ultra7 258V 32GB 1T 2.8K LCD Touch Screen 15.3-inch Lightweight Notebook ,2627.38,,LENOVO LEGION Store
2023 AKPAD Intel Celeron 12Th N95 Laptop Windows 10 11 Pro Office Bluetooth Notebook PC 16G DDR4 16-inch 1920x1200 IPS  Netbook ,354.99,8,Baby Doing Buy Store
BYONE 11+11 Inch Dual Screen Laptop Intel Core I3 Gaming Laptop Dual Touch Screen Win11 Office Computer Tablet PC Notebook WiFi6 ,749.38,5,BYONE Global Store
Xiaomi RedmiBook Pro 16 laptop  2024 Core Ultra 5-125H/Ultra 7-155H ARC Graphics 32GB DDR5 1TB SSD 16-inch 3.1K 165hz Screen Pc ,1401.82,2,CN-AUCTION Store
Lenovo Laptop 2024 Xiaoxin Pro 14 AMD R7 8845H 16/32GB 1T/2T SSD Radeon 780M 14“ 2.8K 120Hz OLED Al Notebook New PC ,1494.6,3,LENOVO LEGION Store
GMOLO 2023 Dual-screen Gaming Laptop Computer 64GB/32GB DDR4 RAM 1TB/2TB SSD intel Core I7 10th Gen Windows 11 Notebookndows 11 ,1263.68,2,LAPTOP Shop Store
"Xiaomi Laptop Redmibook Pro 16 2024 16"" 3.1K 165Hz Intel Core Ultra 16/32GB RAM 1/2TB PCIe 4.0 SSD 140W Super Charge Notebook PC ",1520.34,2,Xiaomi And Lenovo Tablets Laptops Store
Intel Core i9-12900H Laptop NVIDIA RTX 3060 6G Notebook 16 inch Windows 1114 Cores 20 Threads 64GB DDR4 4TB SSD WiFi5 BT5.2 PC ,1360.79,7,BSLAY Official Store
New Portable Computer Intel Windows 11 Wireless WIFI Bluetooth 11th Gen N5095 Mini PC Desktop Gaming Computer DDR4 16GB 1TB SSD ,204.38,,Yepo Computer Official Store
Lenovo Legion R9000P Gaming Laptop Ryzen 9 7945HX GeForce RTX 4060 16G /32GB DDR5 1T SSD 16-inch 240Hz Screen Notebook PC New ,2784.75,1,Worldfone 3c Store
Notebook Dual Screen 16.1+14.1inch Intel W-10885H 4K 32GB RAM 2TB SSD DDR4 Window11HDMI Backlit Kaypad Portable Office Laptop ,956.1,4,BSLAY Official Store
13th Gen i7 i5 15.6 Inch IPS Gaming Laptop i9 10880H i7 1360P NVIDIA MX550 4G NVMe Fingerprint Ultrabook Notebook Windows 11 10 ,725.38,3,Topton Computer Store
16G N509515.6 inch Laptop Windows 11 10 Pro 1920*1080 Cheap Portable Intel Laptop 12G RAM 128GB/256GB/512GB/1TB SSD HDMI Port ,286.39,3,Professional One Laptop Store
Lenovo Laptop YOGA Air14s 14.5 inch 2.9K OLED 90Hz Touch Screen AMD Ryzen7-7840s 32G LPDDR5X 1TB/2TB SSD Notebook PC ,1920.15,1,Xiaomi And Lenovo Tablets Laptops Store
2024 Lenovo Thinkbook X Arc 13.5inch 2.8K 120Hz U5/U9 16/32+1T ,2287.85,17,MS Laptop Flagship Store
Intel Celeron J4125 15.6 inch Laptop DDR4 8GB RAM With 128G 256G 512G SSD 1TB 2TB Windows 11 pro 2.4G+5G dual Wifi Bluetooth 4.0 ,279.68,1,OneTablet Store
Gaming Laptop Computer GTX1650 4G Intel Core i9-10885H 16.1 Inch windows 11por IPS Screen RAM Max 64GB DDR4 4TB SSD M.2 NVME ,1409.31,45,Shop1103572318 Store
Laptop 16+16inch Intel Core i7-1260P/i5-12450H Dual Screen 64GB DDR4 2TB SSD 4.7GHz HD Camera Touchscreens Lightweight Notebook ,1112.38,,BSLAY Official Store
Honor Laptop MagicBook X 16 Pro 16-inch 2023 13th Gen Core i5 13500H 16GB 1TB/2TB 65W Fast Charge Ultra Slim Laptop ,1036.27,2,Original Laptop Global Store
Laptop 14 Inch Intel Celeron N4000 6GB RAM 2TB SSD DDR4 Win11 HD Camera Notebook HDMI 2.6 GHz 180° Fold Wifi6 Portable Computer ,501.99,1,BSLAY Official Store
10.5“+10.5” touch Dual Screen Laptop Intel N95 Processor  Gaming Laptop DDR4 16GB/32GB 128G - 1TB SSD Notebook Computer ,527.12,1,NWNLAP Store
Cheap 360° Touch Screen Laptop 11 inch IPS Notebook Intel N100 Max 16G DDR4 128G--1TB SSD Portable Office Notebook Mini Computer ,355.67,2,NWNLAP Store
Topton 2 Screen Laptop Intel i3 1215U N100 Dual 10.95inch IPS Touch Screen Windows 11 Office Computer Tablet PC Notebook WiFi6 ,535.33,17,Topton Computer Store
"16GB RAM Windows 10 Laptop 15.6"" FHD Screen 128GB/2562GB/512GB/1T SSD Ultra thin office notebook ",313.17,5,FUNXUN Store Store
ASUS ROG Strix SCAR 18 Gaming Laptop Intel Core i9 13980HX 64G RAM 2T SSD RTX4090 16GB 2.5K Screen 165Hz 18Inch Computer ,10368.38,1,Blue Ocean Laptop Store
"2024 15.6 Inch Business Laptop Computer, Intel 12th Gen CPU, 16GB RAM & 1TB M.2 SSD, Fingerprint reader, Backlit, Windows 11 Pro ",397.83,4,MOLOSUPER Laptops Store
2023 NEW Laptop 14-inch Intel Celeron N5095 IPS FHD Dual-band WiFi 16GB RAM+256GB SSD Office Learning Windows 10 Notebook ,340.65,1,NWNLAP Store
GMOLO 14 Inch Affordable Students Laptop intel Quad core 12GB RAM 1TB/512GB/256GB/128GB SSD Slim Windows 10 Notebook ,301.68,2,LAPTOP Shop Store
2023 Cheapest 15.6 inch Windows 11 Notebook Laptop 16GB RAM 1TB/512GB/256GB SSD Fingerprint Unlock Gaming Computer ,382.74,3,MOLOSUPER Laptops Store
Double-Screen Laptop Intel N100 13.5+13.5 inch 9000 mAH 16GB RAM 2TB SSD 2256*1504 DDR5 Windows 11 HD Camera Lightweight Tablet ,971.75,2,BSLAY Official Store
Lenovo Xiaoxin Pro 16 2023 Laptop AMD Ryzen R7 7840HS 32GB RAM 1T/2TB SSD 16-inch 2.5K 120Hz IPS Full Screen Notebook PC ,1711.61,2,Worldfone 3c Store
2022 Super Notebook Laptops 32GB DDR4 RAM 1TB M.2 SSD Core I7 /I5 11th Gen 1165G7 4-Core 15.6 inch Metal Gaming Laptop Computer ,954.68,1,MOLOSUPER Laptops Store
ASUS VivoBook Pro 15 Slim Gaming Laptop 11th Intel Core i5 11300H 16G RAM 512G SSD OLED Screen 15Inch Business Notebook Computer ,2563.38,2,Blue Ocean Laptop Store
HOT SALES New/For Rog Zephyrus G15 GA503Q 40Gb Ram 3080 RTX 2tb ssd 1440p 165hz IPS Panel ,525.03,,Shop912360237 Store
A-ASUS ZenBook Pro Duo UX581 Laptop 15.6 4K UHD NanoEdge Touch Display Intel Core i9-10980HK 64GB RAM 1TB SSD ,1268.86,,Promotion836sales Store
A-ASUS ZenBook Pro Duo UX581 Laptop 15.6 4K UHD NanoEdge Touch Display Intel Core i9-10980HK 64GB RAM 1TB SSD ,1268.86,,Xiomine Limited Sales Store
A-ASUS ZenBook Pro Duo UX581 Laptop 15.6 4K UHD NanoEdge Touch Display Intel Core i9-10980HK 64GB RAM 1TB SSD ,1268.86,,WORLDWIDE SHIPMENT INC Store
"Notebook Computer Windows 11 Laptop 14.1"" Intel Celeron N4000 12GB 512GB 1920*1080 Resolution Office Study PC  computer ",274.58,40,FUCHU PC Store
NEW Laptop Case For Asus FX504 FX504G FX504GD FX504GM FX80 FX80G FX80GD Laptop LCD Back Cover Front bezel Hinges Top Case ,11.41,30,OneVan Laptop Parts Store
Laptop Shell  New For Lenovo Ideapad 1-15 1-15ADA7 1-15AMN7 1-15ALC7 2022  Top Cover Screen Back Case 5CB1F36621 AP3L6000100 ,27.34,23,Duobao 3C Digital Store
"15.6"" Windows 11 Pro Laptop Computer Intel Core i7 8500Y 16GB RAM 1TB SSD Laptops Office Computer PC Fingerprint Unlock Notebook ",407.68,22,XIANGMEI Store
"15.6"" Windows 11 Pro Laptop Computer Intel Core i7 8500Y 16GB RAM 1TB SSD Laptops Office Computer PC Fingerprint Unlock Notebook ",407.68,66,SHIMANG Laptop Store
"Portable 2025 Ultra Slim i7 Laptop Computer PC intel Core i7-7500U Laptops 12GB RAM 1TB 2TB SSD 14.1"" Laptop Notebook Windows 11 ",346.77,42,SHIMANG Computer Store
Windows 11 14.1 Inch i9 Gaming Laptop Computer PC Gamer 16GB RAM 1TB 2TB SSD Notebook Intel Core i9 8950HK Office Study Computer ,541.19,73,SHIMANG Computer Store
NEW Core i9-8950HK laptop 16GB RAM 2TB SSD Portable laptops 1920*1080 Laptop computer i9-8950hk laptop 14.1-inch Office laptop ,556.84,46,SHIMANG Laptop Store
"16""Laptop Intel Celeron N95 4K HD 120HZ Display 32GB RAM 2TB SSD Office PC Computer Windows11 game laptop Fingerprint Unlock PC ",478.68,61,Global Notebook Specialty Store
For HP 15-DW 15S-DU DY DR 250 255 G8 TPN-C139 Laptop Bottom Case Bottom Case L52007-001 New Original Back Case in Silver ,20.91,20,Yunmeng Laptop 3C Accessories Store
2025 Professional Business Notebook Windows 11 Pro Intel Celeron N4000 12GB DDR4 1TB 2TB SSD 1920*1080p 14.1 inch Laptop PC ,274.27,33,CHUBAN PC Store
【5-year warranty】14.1 Inch Laptop Ultra Slim PC Gaming Computer Windows 11 Pro Intel Core i9 8950HK Notebook Office Study ,576.9,22,Shop1104399497 Store
New For Lenovo IdeaPad 3 15ITL6 15ADA6 15ALC6 15ABA7 2021 Laptop LCD Back Cover Front Bezel Palmrest Bottom Case Keyboard Hinges ,30.18,51,lisa laptop Store
For Acer Aspire 3 N19C1 A315-42 A315-42G A315-54 A315-54K A315-56 EX215-52 LCD Back Cover Rear Lid Hinges Bezel Case Gray Black ,12.78,25,People Store
Wholesale For Aspire 3 A315-54 A315-42 A315-54K A315-56 N19C1 EX215-51/52 Top Case LCD Back Cover Bezel Hinges Replace 15.6inch ,14.99,249,Giparts Store
New Laptop Replace Covers For Aspire 5 A515-51 A515-51G A515-41G A615 A615-51G LCD Back Cover Front Bezel Hinges Top Cases ,16.99,30,Save Your Laptop Store
New Laptop Covers For Acer Aspire 5 A515-54G A515-54 A515-44 A515-45 A515-55 A515-55G LCD Back Cover Front Bezel Hinges Top Lid ,35.58,28,FUCHU.Laptop COVER Store
New For HP 15-DW 15S-DU 15S-DY 15S-DR TPN-C139 Laptop LCD Back Cover Front Bezel Upper Palmrest Bottom Base Case Keyboard Hinges ,35.99,60,lisa laptop Store
NEW Laptop Case for HP Pavilion 17-BY 17-CA 17-CR 17T-BY 17Z-CA 470 G7 Palmrest Upper Cover Bottom Case Top Lower Housing Black ,45.18,22,Lucky 3C Digital City Store
Case For Dell Inspiron 15 3510 3511 3515 3520 3521 LCD Back Cover 0DDM9D/0T4MT1/00WPN8 Bezel/Hinges hinge cover Repair 15.6inch ,12.99,99,TOP Parts Store
"N156HRA-EA1 LM156LF2F03 LM156LF2F01 B156HAN08.4 NE156FHM-NX1 NV156FHM-NX3 15.6""Slim LED matrix laptop lcd screen panel 144hz FHD ",62.68,18,Shop1103056034 Store
New Case For Acer Aspire 3 A315-42 A315-42G A315-54 54K A315-56 N19C1 LCD Back Cover Front Bezel Hinges Black ,30.38,119,Future Notebook Part Store
New For HP Probook 450 455 G8 G9 ZHAN 66 15 HSN-Q31C-5 Laptop LCD Back Cover Front Bezel Top Palmrest Keyboard Case Bottom Case ,25.79,6,Shop3141022 Store
New For HP Probook 450 455 G8 G9 ZHAN 66 15 HSN-Q31C-5 Laptop LCD Back Cover Front Bezel Top Palmrest Keyboard Case Bottom Case ,25.79,7,Shop1103732166 Store
New For HP Probook 450 455 G8 G9 ZHAN 66 15 HSN-Q31C-5 Laptop LCD Back Cover Front Bezel Top Palmrest Keyboard Case Bottom Case ,25.79,4,Shop1541185461 Store
New Case For DeLL Inspiron 15 3510 3511 3515 3520 3521 3525 LCD Back Cover Front Bezel Hinges Cover Housing Rear Lid TOP Cover ,17.42,26,OneVan Laptop Parts Store
New Original For HP Spectre XT Pro 13 XT 13-2000 13-B000 TPN-C104 Series Laptop LCD Back Cover/ Front Bezel/Palmrest/Bottom Case ,27.18,12,KONYA Store
For Acer Aspire 5 A515-51 A515-51G A315-53 A615-51 N17C4 Laptop LCD Back Case New Cover/Front Bezel/Hinges/Palmrest/Bottom Shell ,11.58,8,TOP Parts Store
New Back Cover For Acer Aspire E5-575 E5-575G E5-523 E5-553 E5-576 Laptop LCD Back Cover Front Bezel Hinges Upper Cases Rear Lid ,21.38,16,likesome Store
Cover For Aspire 3 A315-54 A315-42 A315-54K A315-56 EX215-51/52 Top Case AP2ME000601 LCD Back Cover Bezel Hinges 15.6inch N19C1 ,19.28,48,Giparts Store
"New For Dell Latitude 5310 E5310 LCD Back Cover Top Case Rear Lid (Silver) 0H0MJJ H0MJJ 13.3"" ",41.18,6,HS Laptop Parts Store
New For HP Probook 450 455 G8 G9 ZHAN 66 15 HSN-Q31C-5 Laptop LCD Back Cover Front Bezel Top Palmrest Keyboard Case Bottom Case ,25.58,6,Shop3141022 Store
New For HP Probook 450 455 G8 G9 ZHAN 66 15 HSN-Q31C-5 Laptop LCD Back Cover Front Bezel Top Palmrest Keyboard Case Bottom Case ,25.58,7,Shop1103732166 Store
New For HP Probook 450 455 G8 G9 ZHAN 66 15 HSN-Q31C-5 Laptop LCD Back Cover Front Bezel Top Palmrest Keyboard Case Bottom Case ,25.58,4,Shop1541185461 Store
NEW For Acer Aspire 3 A315-41 A315-41G A315-33 A315-53 A315-53G Laptop Top Case LCD Back Cover/Hinges/Front Bezel Black Shell ,23.58,26,likesome Store
New Original 0DDM9D DDM9D For Dell Inspiron 15 3510 3511 3515 3520 3521 3525 Series Laptop LCD Top Cover LCD Back Cover Silver ,30.38,6,MAD DRAGON Official Store
For Acer Spin 1 SP111-33 N18H1 Laptop Screen LCD Back Cover/Front Bezel/Hinges/Bottom Laptops PC Case Notebook Accessories NEW ,33.79,5,Shop911036071 Store
New Original For HP 17-AY 17-BA 17-X 17-Y 270 G5 TPN-W121 Series Laptop LCD Back Cover Top Housing Case Rear Lid 856592-001 ,57.38,5,KONYA Store
New For Dell Vostro Inspiron 15 3510 3511 3515 3520 3521 Laptop Case LCD Back Cover Top Housing Rear Lid 00WPN8 0DDM9D 0T4MT1 ,27.79,2,Global computer accessories Store
New Laptop Covers For Acer Aspire 5 A515-54 A515-54G A515-44 A515-45 A515-55 A515-55G LCD Back Cover Front Bezel Hinges Top Lid ,29.38,54,Huaqiang Laptop Parts Store
Original New Laptop Case for DELL Inspiron 15 5501 5502 5504 5505 LCD Back Cover Top Rear Lid Back Housing Replacement 0MCWHY ,40.99,10,Dobby Laptop Parts Store
New Original Case For HP Zbook 15 Power G7 G8 G9 G10 XW5 Laptop LCD Back Cover Front Frame Top Palmrest Keyboard Bottom Shell ,23.99,28,Dobby Laptop Parts Store
 For Acer Predator Helios 300 G3-571 G3-572 G3-573 N17C1 PH315-51 LCD Back Cover Top Shell Case / LCD Bezel / Hinges ,52.38,21,FUCHU Notebook Part Store
Case for Dell Inspiron 15 3000 3515 3511 3520 3530 Cover for Vostro 3510 3530 Serie 15.6 Laptop Sleeve Notebook Shockproof Bag ,42.41,19,Lihong Store
NEW LCD Back Cover For Samsung NP270E5G NP270E5E NP270E5J NP300E5E NP300E5V NP275E5V Laptop LCD Back Cover Front Bezel Hinges ,58.38,8,Nubian Laptop Accessories Store
New Original For HP Pavilion X360 14-DY TPN-W146 Laptop LCD Back Case/Bezel/Palmrest/Bottom Base Cover A B C D Shell M45000-001 ,27.38,8,Zhongkai Electronic Store Store
New For ASUS X540L X540LA X540LJ A540 R540U X540S X540SA Laptop LCD Screen Back Cover Front Bezel Palmrest Bottom Case Hinges ,45.38,19,Shop1541185461 Store
Smooth Plastic Hard Shell Case for MacBook 2024 M4 M3 M2 M1 Air 13 15 A2681 A3113 A2337 A2338 Pro 13 14 16 inch 2020 2019 A2141 ,31.68,34,Redlai Affiliated Store
New Case Laptop Housing For Dell Inspiron 15 15R 5521 5537 3537 3521 LCD Back Cover/Front Bezel/Hinges/Palmrest/Bottom Case Top ,72.38,1,ZHUJI Laptop Parts Store Store
NEW For HP ProBook 14 440 G7 445 G7 Zhan 66 Pro 14 G3 Laptop LCD Back Cover/Front Bezel/Palmrest Upper Case/Bottom Case Silver ,37.18,3,Shop1103732166 Store
New Original For DELL Inspiron 13 7370 7380 7373 P83G Laptop LCD Back Case/Bezel/Palmrest/Bottom Base Cover A B C D Shell 0GTGW1 ,21.99,2,Zhongkai Electronic Store Store
New Laptop Case For Acer Swift 3 SF314-54 SF314-54G SF314-56 LCD Back Cover Front Bezel Lower Bottom Case Top Cover Silver ,27.58,1,Shop1541185461 Store
NEW For HP 15-GW 15S-GR TPN-C151 Laptop LCD Back Cover Front Bezel Palmrest Bottom Case Housing Cover L52012-001 L52007-001 ,13.99,2,Duobao 3C Digital Store
Notebook 2025 New 15.6 Inch Laptop Fingerprint Unlock Windows 11 Intel Core i7 8500Y 16GB RAM 1TB SSD Office Pc Gaming Laptops ,416.38,14,Shop1104399497 Store
Laptop LCD Back Cover/Bottom Case For HP Envy 13T-BA 13-BA TPN-C145 Series A D Cover Silver ,64.99,8,TAFN Laptop Accessories Store
Original New For HP ZBOOK 15 Studio Greate G7 G8 Laptop LCD Back Cover Frame Bezel Palmrest Bottom Case M15647-001 M14608-001 ,53.68,6,Yunmeng Laptop 3C Accessories Store
New Original for HP Probook 450 G8 450 G9 G10 455 Zhan66 Pro 15 G4 G5 X8Q Laptop LCD Back Cover Top Rear Lid Housing Replacement ,42.38,4,DD Laptop 3C Accessories Store
For Xiaomi notebook TM1613 AIR 13.3-inch screen back cover palm rest keyboard frame bottom case silver gray ,57.68,1,Xiao-Lin Store
Unique Traditional Hard case for Macbook M4 Pro 14 16 M3 2024 M2 Air 13 A2681 Air 15 A2941 2023 Pro 13 inch case A2338 M1 A2337 ,31.38,35,Redlai Affiliated Store
Marble Plastic Laptop Case for MacBook M4 Air 13 inch A2337 A2179 A1932 Hard Shell Cover for Mac Pro 13 15 16 2022 A2338 A2251 ,32.33,7,Redlai Affiliated Store
New L03441-001 L03440-001 924925-001 925297-001 924899-001 For HP 15-BS 15T-BS 15-BW 15Z-BW 250 G6 255 G6 Laptop LCD Back Cover ,19.78,2,MAD DRAGON Official Store
"15.6"" Portable Laptop Windows 11 32GB Ram DDR4 2TB SSD  Notebook Pc Gamer Intel N5095 Office Computer with Backlit Fingerprint ",357.99,71,New Notebooks Store
New LCD Back Cover Screen Lid For Dell Inspiron 15 3510 3511 3515 Bezel Frame ,12.58,11,VKon Store
Crystal Flower Print Case For MacBook 2024 Pro 14 16 M4 2023 2022 M2 M3 Air case 13 15 inch A3113 A3114 A2681 A2941 M1 A2337 M1 ,30.99,10,Redlai Store
15.6 Inch Gaming Laptop Notebook Fingerprint Unlock Windows 11 Intel Core i7 8500Y 16GB RAM 1TB SSD Lightweight Business Laptops ,408.38,12,XIANGMEI Store
"Lenovo LEGION R7000P 2024 Ryzen R7 8845H Geforce RTX4060 8GB 16G/32G RAM 1T SSD 16"" 2.5K 165Hz Screen ",2629.97,38,OLOEY PROJECTOR GLOBAL Store
Redmi Book Pro 14 2024 intel Ultra5 125H /Ultra7 155H Processor 32G RAM 1T SSD 14inch 2.8K 120Hz Screen ,1692.04,57,OLOEY PROJECTOR GLOBAL Store
High-end Lenovo Light & Thin Business Laptop ThinkPad X1 Titanium With 13.5 Inch 2.2K Backlit Touch Screen i7-1160G7 Win10 Pro ,7839.33,74,HUWEI Factory Store
Honor X14 Plus laptop R7-8845HS Radeon 780M 16G+512GB SSD 60Hz IPS Full Eye Screen 14-inch Notebook Win11 ,976.86,11,Mi-Mijia Outlets Store
OneXPlayer OneXFly F1 Pro AMD AI 9 HX 365 370 OLED 144Hz Screen Gaming Handheld Console 3A Gamepad 7” PC Game Computer Laptop ,1905.1,35,one GX Official Store
New 2025 version GPD WIN 4 AMD AI 9 HX 370 6Inch Handheld GamePad Tablet 32GB RAM 1/2TB SSD Pocket Mini PC Game Player Console ,1350.73,17,YSJMNPC Official Store
"[World Premiere] Blackview AceBook 12 Win 11 Pro Laptop 16'' 1920*1200 Display, Intel I5-1030NG7 Notebook, 16GB 512GB, 5000mAh ",590.2,56,BLACKVIEW Official Store
2024 MSI Prestige 13 AI Evo Laptop 13.3 Inch 2.8K QHD OLED Screen Netbook Intel Ultra7-155H 32GB 1TB Intel Arc Graphics Notebook ,2110.42,1,Original Brand Laptop Store
BYONE 15.6 Inch Intel Celeron N5095 Ultraslim Laptop 8GB 16GB RAM 512GB 1TB SSD Keyboard Backlight Fingerprint Portable Computer ,295.99,1,BYONE Official Store
"CHUWI FreeBook Laptop i3-1215U / N100 Processor 13.5"" IPS Screen 2 In 1 Laptop Tablet PC 12GB RAM 512GB SSD Support Stylus ",688.54,65,CHUWI Official Store
Honor MagicBook Pro 14 Laptop AI Thin Notebook 14.6-inch U5-225H U9-285H 16G/32G 1T 3.1K Screen 92Wh ,1679.38,2,WORLDFONE Store
Best Lenovo Elite Laptop ThinkPad X1 Nano Intel Evo Certificated Platform  i7-1160G7 16GB 1TB Win10 Pro Backlit 5G SIM Touch ,4028.0,15,HUWEI Factory Store
Lenovo Xiaoxin Pro 14 Laptop AMD R7 8745H/8845H 32GB 1T SSD 2.8K 120Hz Notebook ,1494.38,1,LENOVO LEGION Store
Lenovo Legion Y9000P 2023 Gaming Laptop 13th Intel i9-13900HX/i7-13700HX /32G/1T SSD/NVIDIA RTX 4090/4080 240Hz 16inch Notebook ,2299.04,1,CN-AUCTION Store
2024 Acer Nitro Dragon Gaming Laptop 16 Inch 2.5K 165Hz IPS Screen Netbook Ryzen R7-7435H 32GB 1TB RTX4060 Gaming Notebook PC ,1606.3,2,Original Brand Laptop Store
New 2025 Versio In stock! GPD DUO 13 Inch Dual Touch Screen AMD AI 9 HX 370 Processor 64GB RAM 2TB SSD Portable Business Laptop ,2701.99,1,YSJMNPC Official Store
L15 Double -Screen Laptop 104’’ FHD IPS Screen High -Speed 12th Gen Alder Lake N95 CPU(up to 3.4GHz) Max 32GB DDR4 RAM 2TB SSD ,530.58,4,Kingnovy Computer Store
GMOLO 2023 Dual Screen Gaming Laptop Touch Screen Core I7 10th Gen 32GB/16GB RAM dual SSD Slots Gamer Computer PC ,882.99,4,LAPTOP Shop Store
REDMI BOOK 14 2025 intel Core 5 210H 16GB RAM 512G/1TB SSD 14inch 2.2K 120Hz Screen ,1174.25,10,OLOEY PROJECTOR GLOBAL Store
2024 MSI Stealth 18 AI Studio Gaming Laptop 18 Inch 4K UHD 120Hz MiniLED Screen Netbook Ultra 9-185H 32GB 2TB RTX4090 Notebook ,6039.38,2,Original Brand Laptop Store
BYONE 13.5 Inch Dual Screen Touch Laptop 2.5k UHD 9000mAH DDR5 16GB RAM 512 GB 1TB 2TB SSD 180° Foldable Portable 2 in 1 Tablet ,754.25,10,BYONE Official Store
CRELANDER Laptop AMD Ryzen 8845HS Processor 8Cores 16 Thread  16 Inch LCD 2560*1600-165HZ DDR5 Notebook Computer Gaming Laptops ,1029.99,5,Crelander Store
YOGA Air 14c U7 2024 NEW ,2637.28,3,Lenovo AE-Mall Store
"Lenovo LEGION Y9000P 2024 AI intel i9-14900H core Geforce RTX4060 8GB 16/32GB RAM 1/2TB SSD 16"" 2.5K 240Hz Screen ",3294.25,26,OLOEY PROJECTOR GLOBAL Store
2024 MSI Raider 18 HX Gaming Laptop 18 Inch 4K UHD 120Hz Mini LED Screen Notebook i9-14900HX 32GB 2TB RTX4080 Gaming Netbook PC ,5991.34,4,Original Brand Laptop Store
【Russia Stock】Original REDMI BOOK 16 2025 intel Core 5 210H 16GB RAM LPDDR5X 5200MT/s  512G/1TB SSD 16inch FHD 60Hz Screen ,1212.98,87,OLOEY PROJECTOR GLOBAL Store
Original Xiaomi Mi Redmi Book 16 2024 intel i5 13500H 16GB RAM 512GB SSD 16inch 2.5K 120Hz Screen JYU4577CN ,1277.45,156,OLOEY PROJECTOR GLOBAL Store
【Russia Stock】Original Redmi Book Pro 16 2024 intel Ultra 5 125H/Ultra7 155H 32G RAM 1T SSD 3.1K 165Hz Screen Grey ,1883.4,66,OLOEY PROJECTOR GLOBAL Store
"Brand New ROG Strix G16 Gaming Laptop, 16” 16:10 FHD 165Hz Display, RTX 4060, Intel Core i7 ",1611.72,,Shop912541004 Store
Honor Laptop MagicBook Art 14 Ultra5 125H/Ultra7 155H 16GB/32GB 1TB SSD 3.1K Screen Notebook ,2120.81,12,WORLDFONE Store
Xiaomi Redmi G Pro Gaming Laptop 2024 RTX4060 i7-14650HX/i9-14900HX 16GB 1T 240Hz 2.5K Screen ,2907.38,,Mi-Mijia Outlets Store
GPD Pocket 4 2025 Model AMD R7 8840U/AI 9 365/AI 9 HX 370 Processor 8.8-inch 2.5K Resolution 144 Hz Refresh Rate Mini Laptop ,1385.38,,Original Laptop Global Store
Lenovo Legion R7000 2024 E-sports Gaming Laptop R7-7840H 16G/32G RAM 512G/1T SSD RTX4060-8G 144Hz 15.6inch Game Notebook PC ,1877.39,1,WORLDFONE Store
Topton L15 360° YOGA Laptop Intel N95 Dual 10.5 Inch IPS Touch Screen Windows 11 2 in 1 Tablet PC Notebook Office Mini Computer ,530.58,6,Topton Computer Store
"Lenovo Laptop Thinkbook 16 2024 AMD Ryzen R7-8845H 16G Scalable DDR5 RAM 1TB/2TB SSD 16""2.5K 120Hz Notebook Computer PC ",1362.38,1,Xiaomi And Lenovo Tablets Laptops Store
"HONOR New Laptop MagicBook X14 Plus 2025 14""Inch 2.8K 120Hz Intel Core-5 220H RAM 16/32GB SSD 1TB Notebook Ultrabook Computer PC ",1397.68,,TookFun PC Store
JINGSHA TU15 15.6 inch laptop intel N95 cheap Laptops Windows 11 TYPE-C notebook cheap price laptop non N100 laptop computer pc ,389.99,,JINGSHA Global Store
NEW! GPD WIN MINI 2024 AMD 8840U 7Inch Handheld GamePad Tablet Pocket Mini PC Laptop Game Player Console Computer Notebook ,1396.99,3,Gamepad Store
Mini Pocket PC Laptops Yoga 2 IN 1 Notebook 11 Inch Touch Screen Intel N100 32GB DDR4 1TB SSD WiFi5 Netbook Micro PC Computer ,463.56,1,Greatium Tech Store Store
MSI Titan GP78HX Gaming Laptop 17 Inch 2.5K 240Hz IPS Screen Notebook i9-13980HX 16GB 1TB RTX4080 Computer Ultra Gaming Netbook ,3151.38,,Original Brand Laptop Store
2022 HUAWEI MateBook X Pro  Laptop 14.2 Inch 3.1K Touchscreen Notebook i7-1195G7 16GB 512GB Netbook SSD LPDDR4X  99% New Second ,1747.07,3,HUAWEI HONOR Original Store
Xiaomi Laptop 2023 Redmi Book Pro 15 Ryzen R5-7640HS/R7-7840HS AMD 780M/760M 16G RAM 512G/1T 15.6Inch 3.2K 120Hz  Mi Notebook ,1377.14,7,Redmi Selection Store
MSI Summit E14 Laptop 14 Inch 2.8K QHD 60Hz Touchscreen Notebook i7-1360P 16GB 1TB Intel Iris Xe 360° Filp Foldable Netbook PC ,2053.38,,Original Brand Laptop Store
Lenovo Legion R7000P  2024 Esports Gaming Laptop AMD R7 8845H 16-Inch 16G/32G RAM 1T SSD RTX4060 165Hz Game Notebook ,2089.38,,Mi-Mijia Outlets Store
Xiaomi Redmi G Pro 2024 E-Sport Gaming Laptop Intel i9-14900H RTX4060 GPU 16G/32G 1TB SSD 16” LCD 240Hz 2.5K Game Mi Notebook ,2649.06,4,Mi-Mijia Outlets Store
2023 HUAWEI MateBook 14 Laptop i5-1340P/i7-1360P 16GB/32GB 512GB/1T Computer 14-inch 2K Touchscreen Netbook Iris Xe Graphics SSD ,1463.01,2,HUAWEI HONOR Original Store
Redmi Book 16 2024 intel i5 12450H 16GB RAM 512GB SSD 16inch 1920*1080P 60Hz Screen ,1125.35,2,Mi and Lenovo Laptop Store
Xiaomi Laptop Redmi Book Pro 15 Ryzen R7-7840HS AMD 780M 16G RAM 512G/1T 15.6Inch 3.2K 120Hz New Mi Notebook ,1095.76,6,WORLDFONE Store
"Justice Sales_ Predator Triton 300 Gaming Laptop 2021, I7-10750H, NVIDIA Geforce RTX 2070, 15.6"" Full HD IPS Display. ",755.8,,Shop912726186 Store
100% QUALITY !! Razer Blade 18 (2024) Gaming Laptop: NVIDIA GeForce RTX 4090 - Intel Core i9 14900HX 14th Gen CPU - 18” UHD+ 4K ,773.19,,Shop1104335771 Store
Lenovo ThinkPad E14 AI 2024 U5/U7 16/32GB+1TB SSD 14inch 2.2K 300nit 100%sRGB display  Silver/black ,2029.85,3,RED SPOT Store
Xiaomi Redmi Book Pro 14 2024 U5-125/U7-155 32+1T  2.8K 120Hz Screen JYU4597CN/JYU4598CN ,1606.37,10,Mi and Lenovo Laptop Store
2023 HUAWEI MateBook X Pro Laptop i7-1360P 16/32GB 1/2TB 13th Core Notebook 14.2-inch 3.1k Touch-screen Computer HDR Vivid LTPS ,2342.05,2,HUAWEI HONOR Original Store
Xiaomi REDMI Book 16 Laptop Intel Core 5 Processor 220H Intel Graphics 16G/32G RAM 1TB SSD 16-inch Screen Notebook Slim PC 2025 ,1249.99,1,CN-AUCTION Store
2023 Lenovo YOGA Book 9i Laptop 13th Core i7-1355U Intel Evo Platform 16GB LPDDR5X 1TB 13.3-Inch 2.8K OLED Dual-Screen Notebook ,3508.07,2,LENOVO THINKPAD ONLINE Store
Ordinateur portable de jeu 2024 abordable Offres Spéciales ROG Strix G16 ,736.51,,Shop912574398 Store
"NEW_Acers-Original Gaming Laptop, Predator Helios Neo 16, £, 16 in ",732.36,,Shop912364182 Store
Brand New worldwide Zen__book Pro Duo UX582 UX582HS i9 11900H 32GB RTX 3080 1TB 4K OLED Laptop ,586.08,,Shop912395155 Store
OFFER New ThundeRobott 911X I7 4060 16+512GB 144Hz High refresh rate Gaming laptop ,586.08,,Shop912395155 Store
SPECIAL OFFER FOR Best Sales C930 2-in-1 4K Laptop 8th Gen i7-8550U 1TB 16GB Pen FP reader Win 10 ,488.4,,Shenzhen Topleo Technology Electronic Limited Store
In stock!GPD Pocket3 Intel Core I7-1195 8Inch Touch Screen Mini Laptop Tablet PC Win10 System Iris Xe Graphics  16GB RAM/1TB ,969.99,3,Gamepad Digital Store
A-ASUS ZenBook Pro Duo UX581 Laptop 15.6 4K UHD NanoEdge Touch Display Intel Core i9-10980HK 64GB RAM 1TB SSD ,1133.58,,Promotion836sales Store
A-ASUS ZenBook Pro Duo UX581 Laptop 15.6 4K UHD NanoEdge Touch Display Intel Core i9-10980HK 64GB RAM 1TB SSD ,1133.58,,Xiomine Limited Sales Store
A-ASUS ZenBook Pro Duo UX581 Laptop 15.6 4K UHD NanoEdge Touch Display Intel Core i9-10980HK 64GB RAM 1TB SSD ,1133.58,,WORLDWIDE SHIPMENT INC Store
FREE SHIPPING DISCOUNT SALES ORIGINAL ASUS ZenBook Pro Duo 15 OLED UX582 Laptop ,1134.31,,WORLDWIDE SHIPMENT INC Store
New! GPD WIN Mini AMD 7840U 7Inch Handheld GamePad Tablet 64GB RAM 2TB ROM Pocket Mini PC Laptop Game Player Console ,1965.38,,Gamepad Digital Store
"Xiaomi Redmi Book Pro 15 Laptop 2023 Ryzen R5 7640HS CPU 16GB+512GB AMD Radeon 760M 3.2K 120Hz Screen 15.6"" Notebook ",1140.68,,Global Mifans Store
Selling new Notebook Asuss Zenbook 17 Fold Oled Ux9702aa-md026w Intel Core i7 1250u 4.7 Ghz 16gb Ram 1 Tb SSD Windows 11 ,854.7,,Shop1104263645 Store
"NEW ZenBook 17 Fold OLED Laptop, 17.3” 4:3 Touch True Black 500 Display, Intel Evo Platform:Core i7 ",534.07,,Shop912374113 Store
"NEW  MSI Vector 17 HX 17” 240Hz QHD+ Gaming Laptop Intel Core i9-14900HX, NVIDIA Geforce RTX 4080, 32GB DDR5, 1TB NVMe SSD ",1004.88,,Paraiso Das Maquinas Store
2022 Surface Pro 9 - i7/16GB/256GB 13 2-in-1 Laptop ,610.5,,Harman Global Store
OFFING Lenovos Yoga C930 2-in-1 4K Laptop 8th Gen i7-8550U 1TB 16GB Pen FP reader Win 10 ,732.6,,Shop1102996643 Store
"FRESH&CLEAN New Acer Predator Helios 300 Gaming Laptop, Intel i7-10750H, NVIDIA GeForce RTX ",476.19,,God&#39;s Crown Store Store
"FRESH&CLEAN New Acer Predator Helios 300 Gaming Laptop, Intel i7-10750H, NVIDIA GeForce RTX ",476.19,,Electronic Trading International Ltd Store
"NEW Original Gaming Laptop with 17"" Screen, Asus, ROG, Strix, Scar 6 Plus, 16GB, 512GB, RTX 3060, 6GB, 2K, 240Hz ",976.8,,Shop1103688357 Store
Best trade for new Razer Blade 16 (2024) Gaming Laptop: NVIDIA GeForce RTX 4090 ,2075.7,,Shop912720244 Store
HOT SALES Promo for Notebook Zenbook Duo OLED UX8406MA DUAL 14 i9 Ultra 9-185H 32GB 1TB ,512.82,,Shop912360237 Store
Authentic For A_sus ROG strix scar 6 plus i9-1200H 16GB 512GB RTX 3060 (6GB) Gaming Laptop 17 inch (2K 240Hz) Display ,366.3,,Shop912517138 Store
